opis_id,latitude,longitude,osm_node_id
7,36.5611723,-95.2178811,602949924
9,44.0157724,-90.4927721,271538942
20,32.9265695,-112.6778554,414264818
28,35.317535,-94.396402,118801904
36,38.759793,-78.636564,219026120
44,30.8040612,-97.6163554,9756186574
46,32.409061,-85.955479,57012782
49,38.9576256,-85.8436196,180022802
50,41.352178,-95.907201,160741015
56,46.836388,-100.283429,74945484
81,27.5358219,-82.510617,98706559
85,39.7653032,-105.608932,1410414491
105,43.3509341,-83.8644984,185877966
118,35.3551066,-109.0546814,174453480
121,32.8046536,-111.6633247,343156928
128,39.1252439,-88.5672859,234330294
135,41.4096174,-90.0200433,234799247
147,40.120993,-85.5689482,1418333511
149,41.1253741,-85.1836116,178809587
151,40.9164146,-100.1723858,133735323
160,30.4562076,-90.9517705,415313697
164,41.5815732,-87.2448879,509906002
184,41.2320659,-95.904136,160902953
186,44.2654843,-104.939058,498083097
187,42.7505296,-93.3942745,159695000
191,43.1378409,-93.3562499,392916793
192,41.4931,-94.313759,158880413
195,35.1559637,-90.1399271,444938210
198,40.5044063,-103.2573099,176100381
199,38.8759889,-97.6172781,492661531
203,41.5742844,-87.4743715,358143220
216,30.4543804,-88.8392819,125345687
217,38.8759889,-97.6172781,492661531
231,37.380829,-84.333846,167926169
235,29.2630798,-82.1915754,447888634
240,30.4404667,-91.2147144,480404555
244,30.247831,-92.19031,114672342
248,29.9652759,-90.0722104,115920911
250,38.8995039,-99.3205834,120058352
253,35.1559637,-90.1399271,444938210
256,39.6902348,-79.1099032,619614997
269,41.922493,-83.36109,185312396
281,39.3050549,-85.9619388,501513735
304,42.125604,-72.569085,70020773
309,39.0938269,-94.6807728,5285380747
323,41.1151917,-101.7093332,134829121
326,41.4150407,-112.0505529,433562611
341,30.0723908,-81.4988036,100132161
361,30.3673995,-81.7608863,96564613
368,43.172516,-73.711336,41853880
372,41.6357596,-87.5059009,390327351
387,32.6703848,-114.4495869,175757764
388,40.271597,-82.927078,229582718
391,41.0289692,-81.8953097,1866318220
403,39.942336,-82.531541,198403453
407,41.5234517,-83.4570095,200626991
421,35.5290121,-97.5128527,5134078397
424,35.3946696,-97.2696284,6804428761
425,32.4871657,-82.9306508,70831024
455,37.938282,-77.472641,208772196
461,33.5569489,-80.822349,113772852
474,32.4234161,-88.4535774,125576666
478,48.9669336,-97.2584118,77308136
486,27.5607969,-99.503438,229364585
491,36.110633,-84.0243109,202800121
496,35.9076272,-84.1389495,472254459
509,31.0380694,-104.8217585,299419847
522,40.0336196,-81.4427421,229692212
523,34.267782,-83.819779,69895694
557,41.3650321,-89.1477905,273150761
559,34.882673,-92.376425,118469965
566,41.5699667,-87.3977211,761880817
567,32.7744897,-111.6147067,343159765
572,41.1218215,-85.18731,331112775
576,30.2331766,-92.4665156,114668551
578,45.5449897,-122.3866584,40661676
579,41.6101195,-109.2230428,485849573
586,46.2214887,-119.7827188,313516687
588,33.1726395,-87.4419113,64196552
591,38.9920992,-93.5709438,191352619
599,41.1129181,-102.9554826,133434871
602,43.6479359,-72.2430438,25243778
628,41.769728,-80.9404075,196247503
636,44.6313622,-123.0623592,287938819
651,35.8425913,-88.0823609,201617782
652,35.9076272,-84.1389495,472254459
672,39.8492906,-75.1758996,103813486
680,45.3191197,-97.0516591,473859808
684,42.15687,-78.989991,211507299
689,37.6638838,-97.3127987,122153860
815,43.0095499,-89.9087477,277930441
906,35.1559637,-90.1399271,444938210
908,33.3336328,-86.779358,61018251
912,33.281826,-87.092862,64211234
936,35.0697383,-92.417546,450194533
970,33.4443026,-112.108292,41412093
977,33.660715,-114.2352697,174820802
981,43.1956468,-112.3662281,262069195
982,32.676727,-114.527726,320801599
1028,39.6815067,-75.6593203,178626517
1047,30.7225209,-85.191399,298510637
1075,32.4871657,-82.9306508,70831024
1106,33.511994,-82.497945,71173240
1121,42.576736,-114.289103,129484543
1128,42.4816524,-87.9476354,9938494370
1132,38.1508266,-88.9131794,234857108
1136,40.1265262,-87.7834187,962151367
1140,39.5903426,-89.6463647,931244482
1149,39.8194923,-85.9071373,179743383
1151,39.840805,-85.553719,179888297
1156,39.525659,-85.735395,181681157
1157,39.4307907,-87.3292515,4970517036
1176,38.27076,-84.55544,168185859
1179,37.832604,-85.7181766,162337291
1202,39.5932132,-76.0661129,182463685
1204,39.1252439,-88.5672859,234330294
1210,42.1993312,-85.9664934,186111390
1217,43.6776061,-92.9594442,575274441
1304,36.0681644,-79.3079274,169046672
1340,40.1298418,-74.69384,1807373316
1342,40.859815,-74.3659061,640835590
1356,35.1782277,-107.9005221,141526016
1372,40.7551743,-81.4046083,1863761503
1376,40.65698,-84.1315027,196349004
1379,41.0289692,-81.8953097,1866318220
1384,41.614359,-84.554664,200617684
1391,36.5392421,-97.3453042,963913514
1395,35.5002801,-98.9691346,145300194
1404,40.1212537,-87.446061,181893901
1428,40.3808313,-86.7860738,37977263
1432,40.2658737,-77.0501777,111484204
1444,34.188928,-80.688211,113175079
1445,41.1319437,-104.7114865,1598420820
1455,34.2651266,-79.7270898,112551061
1461,35.0275697,-82.0353146,114141481
1464,33.9583042,-81.231416,113690435
1479,34.9111505,-82.1116811,114156418
1487,36.3198514,-82.8386483,1700713982
1492,35.021445,-85.3808141,472510719
1507,35.061438,-90.0200027,203626032
1546,28.6957236,-99.1655321,224271661
1555,39.293074,-102.8806495,177296847
1562,35.7884533,-88.3954207,471723709
1567,41.6188957,-93.5766772,160765548
1579,46.007446,-112.6176648,434153666
1590,41.5815732,-87.2448879,509906002
1596,35.4811876,-108.4410815,616310938
1597,40.1554694,-80.1270811,442572649
1606,48.0958732,-122.184733,50803420
1610,39.2725385,-76.5544966,27033900
1621,33.5393828,-86.8247525,56312665
1623,39.778186,-104.909297,8020047775
1625,33.4119306,-80.6643665,113771793
1632,32.295128,-106.8053717,33677268
1633,29.2995233,-98.6287744,1474002743
1634,42.8782205,-87.9371633,262850058
1644,32.4317403,-100.5501495,387222544
1653,41.8305739,-87.6993318,261110959
1661,32.5215184,-92.3595956,1108188389
1669,42.9440928,-74.3556381,212671341
1670,37.0122775,-94.5429606,191986412
1671,35.3371409,-78.5603195,171125315
1672,35.192662,-101.712253,227789949
1753,31.8853597,-97.0838887,6695834373
1773,43.4188339,-85.4991654,185338042
1791,31.9094201,-102.2192774,227128153
1834,32.4914698,-94.3529013,225073617
1858,29.440207,-98.3757703,150031060
1859,38.7004699,-80.6652472,705819387
1860,38.9135655,-84.6284285,161961244
1861,35.1788485,-113.7953157,1698679061
1866,42.0837098,-86.4137566,3678213772
1873,41.8119907,-86.3169585,183820194
1879,44.6456633,-93.2961754,1086978611
1893,32.6699298,-96.1520299,225999895
1894,28.4943076,-98.1485617,226695001
1897,32.4597238,-99.8603813,57687820
1909,37.7247044,-113.0558211,340326432
1914,38.991799,-110.181173,83141708
1921,40.7277234,-111.5056562,428254279
1930,37.2768428,-97.3401494,122893140
1934,36.843025,-80.857842,209218425
1936,36.649172,-82.086249,154173814
1940,37.079963,-80.687704,217963497
1944,36.5779322,-80.7431667,209277504
1953,37.979155,-78.219115,215760563
1956,38.96276,-78.439961,219053331
1958,36.937499,-80.996887,220598406
1960,44.220836,-72.584986,204912575
1962,38.343989,-82.947097,162743498
1976,47.6233916,-117.4972421,50908784
1977,46.3959199,-122.9005837,49810545
1983,45.096077,-91.498505,230693975
1985,43.923249,-90.266065,231214173
2009,43.679243,-87.760333,232401196
2020,39.6560795,-79.6321611,1131904693
2021,38.4160992,-82.3463045,154768205
2022,38.5962766,-81.0462534,708407432
2029,42.8602742,-106.3379106,157800192
2034,41.1580064,-104.5284121,387565010
2040,42.6610377,-105.2063815,156735970
2041,41.1752629,-104.0693721,1598421004
2044,41.6718797,-107.9863565,158234596
2084,31.5598919,-103.0006207,229137951
2088,38.7874381,-112.088284,292038894
2089,41.9614093,-112.7210305,431433914
2125,41.3138357,-105.6147728,477724547
2152,43.6791962,-94.4478971,187441628
2167,45.4963672,-94.1620832,188222002
2182,37.933965,-79.226877,218752483
2209,34.7716248,-92.2618356,118525509
2219,34.116428,-83.766109,70499516
2223,32.3088745,-81.8804512,66638335
2231,38.6319066,-90.3027557,564272949
2255,41.5588688,-83.4602213,200571971
2267,36.5316842,-86.6415349,303845351
2287,40.0499454,-78.5176181,444620246
2306,34.8614612,-81.0056315,114450280
2310,35.0285856,-85.3598518,451068434
2311,35.724157,-86.322573,203453455
2336,36.937499,-80.996887,220598406
2557,32.9714166,-96.3267097,152390125
2602,39.5394538,-84.298206,200303019
2623,42.7209417,-88.9869006,8392406227
2626,41.7821267,-107.2603231,156939440
2629,39.6831775,-75.48114,105204476
2635,45.2294281,-122.8111497,249656393
2640,38.3920342,-89.3769382,1436022450
2644,40.0825734,-104.9802207,55722562
2756,39.1939253,-81.5277284,156284537
2772,41.7356308,-84.9879757,27336016
2788,44.16224,-72.086842,204691535
2805,42.434837,-112.180409,126391737
2807,36.5289932,-87.2267043,203147335
2811,43.0623137,-76.5595286,211236696
2817,46.6090712,-122.9102438,48828504
2848,33.4638298,-112.7875945,335616866
2851,32.6703848,-114.4495869,175757764
2862,32.39043,-91.196296,115769511
2875,38.3018901,-104.6123949,452808447
2883,29.0295455,-82.158868,1601841232
2891,39.5272688,-119.7072982,140194946
2897,41.3653877,-110.3054833,158281380
2910,46.8474559,-96.8329228,75166413
2913,36.0362537,-83.4452653,1910902402
2915,43.0249116,-112.4083195,126743861
2922,35.1062419,-106.657542,140816418
2923,37.938282,-77.472641,208772196
2926,40.3505466,-76.728304,473236638
2929,46.86427,-99.920248,76177514
2935,30.3401269,-81.7608921,96565686
2937,38.8635509,-84.6236391,520836797
2956,35.2732799,-80.8319557,172149600
2963,46.88691,-98.722392,78106462
2967,41.5234517,-83.4570095,200626991
2968,32.4894091,-91.996403,470542390
2977,43.8390089,-101.529735,79962334
2982,32.9843767,-87.7924404,55899501
3003,32.3200305,-90.956997,115770460
3008,30.3281173,-82.9588812,298770381
3022,39.7835274,-77.713959,694537556
3118,44.978221,-73.455759,211848306
3128,33.2108658,-84.0634879,339926340
3138,39.1137835,-108.6388049,176140286
3139,35.5323413,-98.2333027,144803234
3163,36.1624662,-95.7979774,148422709
3164,36.0807679,-96.0473291,148307910
3165,36.6544948,-97.3459493,963909017
3171,36.1358948,-85.4991567,203350697
3179,41.5830349,-87.2400727,509906012
3191,35.5345033,-86.1607699,202102496
3215,28.1571958,-81.8060641,100023402
3216,36.700383,-87.4484465,1844841046
3221,35.3196252,-91.5561797,474803556
3226,40.3505466,-76.728304,473236638
3227,33.03575,-80.1459691,318644579
3264,35.1329579,-90.480685,118539956
3284,37.496033,-94.299964,188831109
3297,41.1552694,-104.6620483,157386276
3316,34.7841772,-92.1338912,118422890
3330,43.0600678,-70.801418,2285973504
3383,35.5903586,-97.4355166,147496185
3386,40.1652945,-104.9796316,55739414
3401,34.5055395,-80.9972921,1835017420
3415,32.374229,-82.0599667,66737662
3418,39.1072966,-80.3921352,704298913
3421,47.2944912,-122.3052033,34707601
3422,29.541546,-98.069375,151139657
3427,41.7425163,-84.9984298,305414604
3432,40.7700653,-87.1225258,180022414
3435,30.6799849,-97.6606254,1317473840
3471,32.0697073,-81.1966124,67037605
3475,35.4940016,-80.5669563,169622747
3477,43.2686714,-72.4335783,205129674
3479,32.4687204,-83.7449249,70391997
3493,34.2028341,-84.7614461,330982727
3519,30.1182402,-93.8280534,227691430
3526,40.3981078,-84.161876,454082552
3539,29.618861,-97.791192,151131706
3545,44.8795362,-93.0256238,186790255
3580,41.7716469,-107.0887527,483415362
3588,29.8396339,-94.3785257,305004003
3592,41.3139112,-110.5051955,487970080
3593,37.8557785,-112.8318639,286469746
3608,39.792037,-88.2643928,295680311
3614,41.7305336,-86.327329,181561722
3616,41.718114,-83.5020811,5677988329
3619,39.4494023,-87.1323562,179059697
3620,39.517582,-83.849955,196879590
3645,41.023454,-77.940774,105953943
3688,42.6774462,-82.8160288,61844498
3692,35.30804,-80.8478987,172153992
3699,40.715941,-85.441702,179939322
3707,43.690707,-93.413653,186929082
3718,43.7730395,-99.3186179,462224544
3728,42.6376329,-73.7560528,41287623
3745,45.64473,-109.2427027,418855562
3767,36.662832,-77.556289,214711709
3774,39.3030028,-102.2526662,177293792
3781,40.8219715,-102.8098012,383305332
3783,39.7992325,-104.985761,175847236
3794,43.6414466,-94.9904804,482811934
3843,36.2783317,-97.3278172,147256294
3888,46.4085999,-112.7214214,508283384
3889,27.485684,-82.4693083,98708175
3927,26.0159522,-80.2128519,522706014
3936,36.1877305,-86.2707245,1837177439
3949,30.2416562,-82.6428711,299335558
3964,42.2224239,-85.7906152,186101950
3970,32.851022,-96.56813,81648792
3973,35.5903586,-97.4355166,147496185
3975,30.2589933,-82.1230761,299277449
3979,41.5680975,-87.3495839,27666878
4008,44.9383603,-92.3672212,597466140
4025,34.579444,-82.691931,109749792
4035,35.2849371,-93.0962907,118224792
4063,31.3539344,-89.3489441,300738742
4115,33.889511,-84.2627031,68145537
4156,29.4450684,-98.3612276,1506895863
4169,35.1962489,-114.0671039,175231048
4172,47.710044,-116.996363,129647187
4179,32.1864187,-81.1985711,1687908086
4187,34.5737158,-84.9480881,331012548
4193,32.6762359,-97.0381077,82528059
4199,38.8573972,-98.7034893,122079222
4204,34.775032,-85.541639,68077773
4211,35.6170394,-115.38772,137641289
4220,39.126585,-84.833787,179126400
4222,36.3994313,-87.0194906,203407756
4223,43.0012748,-78.4162697,221625782
4227,35.4603501,-97.6821877,458733753
4233,32.4169268,-93.7406734,41453176
4239,38.009979,-84.204541,162987239
4241,33.6656783,-84.3453938,68150521
4292,41.6904367,-93.2543398,160033735
4301,46.8837725,-102.7277104,77801889
4311,32.2639827,-86.3567937,58899344
4332,40.7555621,-88.0067946,234818507
4349,42.4594641,-92.25956,158972894
4363,31.923091,-81.329411,66504016
4368,37.1860777,-93.5662504,190572912
4372,32.340649,-81.958523,66727477
4373,41.1809411,-93.7840644,161237767
4389,41.5551343,-95.9174791,159832207
4395,36.8920573,-89.5334697,193185954
4417,35.0140649,-106.0684644,144333017
4419,40.2622946,-94.0126932,190661402
4427,41.4931,-94.313759,158880413
4431,41.9824157,-92.5805199,1008097813
4437,41.3805023,-95.6715144,160762131
4441,36.3198514,-82.8386483,1700713982
4445,45.1933995,-93.5482684,489787617
4451,43.9748176,-96.7581601,511234108
4458,41.6884228,-92.0608312,159955660
4460,38.7384638,-84.8359869,163702366
4463,32.4684016,-95.3928354,394051884
4482,43.5679786,-116.2027891,126193066
4533,33.5393828,-86.8247525,56312665
4544,36.872503,-76.195707,221104543
4555,35.3074438,-86.8822561,472524302
4560,41.8807643,-112.1699777,431459827
4563,40.4800084,-89.0285388,261230528
4568,42.9440928,-74.3556381,212671341
4569,37.1663371,-88.6828057,236572069
4574,40.188888,-88.37056,37962215
4582,46.2102875,-96.0228892,187666025
4605,36.702806,-77.549232,220870769
4618,32.4444816,-93.9545906,114862074
4620,28.8557825,-82.0899709,7061416624
4622,37.838412,-79.367866,218827858
4637,40.1604027,-89.4174669,235393094
4642,39.4225986,-87.6864379,1482854659
4654,43.077862,-77.933107,221620530
4655,42.255969,-78.066319,120096725
4690,32.7208592,-97.5407233,82403314
4704,39.6939074,-79.2582807,619614870
4707,40.1192456,-79.8852859,442648635
4729,39.8519599,-85.269834,179824227
4742,46.931886,-104.003375,75775320
4750,41.663301,-91.2546909,159267305
4762,41.922493,-83.36109,185312396
4806,32.7275529,-97.8086831,6664882239
4818,43.142826,-115.6675343,128838663
4819,37.1399238,-104.5201355,598034861
4826,33.5914306,-86.157969,63879824
4827,30.0431702,-94.1519986,225896780
4856,45.9185293,-111.5918929,39140382
4858,38.0378077,-97.3229688,120527781
4860,41.1800021,-90.3325694,466936776
4872,34.253051,-83.465945,66145304
4874,31.8130171,-102.4300017,224061671
4878,43.6010351,-116.5784072,21456576
4881,40.1224527,-74.718227,103599297
4885,38.8710362,-89.385382,233780700
4894,39.5328442,-86.7956138,181449044
4918,36.0027234,-83.7801881,202783664
4920,30.0900509,-90.4474742,123723260
4921,36.973146,-84.111425,165554680
4927,32.806238,-86.581925,52550871
4981,42.2917097,-84.9600921,183791458
4983,44.9335699,-92.1927245,597458038
4996,45.7951131,-108.4611171,419207649
5024,38.2840401,-90.4032118,191023088
5044,37.0949983,-93.80089,191360496
5050,40.4122383,-95.5583508,188615682
5057,39.750438,-94.219843,190191064
5060,35.1409061,-114.0992012,174918381
5064,31.7000773,-89.1175464,300760071
5085,39.4712049,-80.1233422,87626589
5111,31.3539344,-89.3489441,300738742
5117,39.949398,-86.3565006,178877556
5128,41.6870311,-92.0140379,159968040
5131,40.4122383,-95.5583508,188615682
5132,38.075171,-91.402561,958110144
5160,40.0508491,-81.3302875,428748426
5163,34.3142471,-88.7925315,276925083
5165,36.712889,-86.52347,168311271
5167,41.5128215,-87.3199481,487046661
5170,39.9871627,-78.2518762,201011558
5191,43.392418,-89.466803,53842588
5203,30.629095,-87.618942,51878839
5207,39.1873934,-100.8675197,123022439
5227,35.3144577,-78.577445,171124921
5230,41.646081,-91.1558408,159297898
5236,39.6418387,-75.8080995,182463444
5247,42.8686537,-89.0503025,258487369
5254,35.5426793,-82.7499627,169544592
5255,38.859113,-94.8109782,120614445
5258,30.4788386,-90.4189977,415351158
5285,40.7325381,-74.1244979,1050766023
5297,47.0994297,-119.2487725,48096904
5299,36.712889,-86.52347,168311271
5302,37.3926052,-79.9027893,207299843
5306,40.9646491,-80.651742,198480221
5310,44.4681347,-93.292174,187961740
5341,42.7980511,-96.2024729,405117503
5389,41.2342212,-112.0137771,303688524
5399,36.9463842,-80.9455989,220834393
5414,32.8046536,-111.6633247,343156928
5419,35.1962489,-114.0671039,175231048
5422,40.7555621,-88.0067946,234818507
5424,37.365031,-86.847438,167437798
5436,37.413014,-86.497879,163797084
5446,32.4169268,-93.7406734,41453176
5462,43.4931843,-112.0539434,127087480
5464,37.6003623,-85.8679639,164119443
5474,28.3630135,-80.7968845,521960586
5477,44.3855809,-123.06106,408904302
5479,26.8990221,-82.0063308,96104106
5491,37.2230698,-84.2096778,165545756
5492,39.6971781,-78.1532082,103057440
5522,36.5165069,-89.6017436,191927142
5523,39.2734766,-103.7015541,177451684
5529,36.4793813,-80.7522943,173427892
5537,38.3084723,-88.9498932,391305670
5554,33.9932133,-93.1873976,116583910
5570,30.4788682,-90.4613616,415349195
5592,34.0737195,-80.9984337,1830277551
5597,30.243792,-93.133426,114869642
5601,36.9942129,-88.5119194,166251012
5603,40.8744382,-81.4307796,199893978
5606,46.86329,-101.003323,77083519
5607,32.2023869,-96.4754069,235566144
5613,46.5682358,-120.4721914,316057001
5618,40.0442656,-86.4870896,767419473
5649,30.170102,-90.8712027,114662946
5651,38.154909,-85.07401,168239431
5660,42.161636,-72.5441,64760629
5661,36.1348919,-85.4847318,1118318617
5667,35.5687561,-82.9551338,276830830
5670,38.3084723,-88.9498932,391305670
5674,33.5554151,-83.4683942,71564199
5691,42.094905,-86.4067185,183804918
5721,39.1726937,-76.7980984,720723548
5729,44.9048875,-91.8609065,230842009
5739,41.960598,-83.353276,185314201
5751,30.6477475,-83.1931192,9503849248
5754,42.8386575,-84.2285482,394491225
5758,42.9939589,-82.4469083,9518518668
5770,43.4955141,-87.8310085,289380213
5771,41.8855922,-86.6008974,3678228119
5774,41.053532,-77.196695,106427587
5780,35.7498647,-80.3518201,2730657402
5799,43.666081,-93.581956,186902094
5801,36.959571,-81.062194,220560998
5821,45.2294281,-122.8111497,249656393
5823,32.3079309,-81.0597737,113020790
5830,42.2829649,-84.8673027,183809846
5842,41.4221212,-87.7595853,237434092
5860,44.318054,-93.3049685,187958938
5901,46.4847307,-96.2850636,188408787
5909,43.9525893,-92.0598225,188434546
5927,38.40392,-78.905886,220990321
5942,38.344324,-90.3968593,191051509
5944,43.091831,-88.904321,231192067
5963,30.6966759,-101.1005177,782903113
5979,30.249233,-92.040724,115580645
5980,37.199286,-77.463615,210350780
5996,41.5605644,-109.3034482,486060305
5999,34.1814114,-93.073017,116615401
6010,30.4205955,-99.673889,1081199631
6018,40.4800084,-89.0285388,261230528
6037,42.4491586,-96.4199668,133661165
6041,36.7425305,-80.7703501,803761194
6051,40.1652945,-104.9796316,55739414
6057,38.8759889,-97.6172781,492661531
6083,39.4573419,-94.3223338,189857938
6093,40.6903566,-99.374152,133029127
6097,40.6762471,-99.2610541,133113931
6106,44.2926849,-117.2267042,766149631
6150,37.3926052,-79.9027893,207299843
6154,30.4971965,-88.3317492,57809090
6164,41.615867,-90.779213,160978636
6172,42.8600858,-84.8899982,184498457
6173,42.298194,-83.8832271,62480827
6179,30.31453,-91.835689,123773768
6180,35.0203346,-85.2965684,202561702
6182,33.6441615,-85.5068518,52878670
6198,36.9750797,-77.3923722,220056886
6200,41.2015638,-79.9804246,795341478
6206,43.49092,-89.49507,53827766
6212,38.2840401,-90.4032118,191023088
6214,43.2847659,-88.1975466,262580781
6215,42.3975243,-73.8241491,212248825
6218,35.5084858,-108.8282804,610488018
6222,39.355835,-94.7645372,5455527609
6227,32.6970975,-96.6290657,81625733
6229,39.93294,-83.616154,196778977
6242,38.8158995,-90.9503946,111156986
6251,30.31453,-91.835689,123773768
6271,33.2600056,-97.1777321,81686255
6275,47.4668858,-121.7223619,35830617
6286,38.009979,-84.204541,162987239
6290,41.4131287,-84.1110403,63105977
6293,35.1782277,-107.9005221,141526016
6299,40.8351295,-91.2016001,393871963
6305,38.2421445,-77.5017797,445766967
6308,38.2084558,-85.3527764,168235247
6309,34.3950484,-92.8305944,453205796
6318,34.7360035,-97.2600756,145742086
6326,36.9379881,-97.3469566,146206220
6341,41.7778013,-107.2335424,484267571
6351,33.6025218,-114.5142322,174644606
6370,32.9158876,-96.4344602,4880483602
6387,40.6497058,-116.953452,138238707
6393,38.239447,-86.366243,179091946
6401,30.434262,-89.08827,125110940
6441,37.1430303,-84.1103951,165561783
6448,31.7000773,-89.1175464,300760071
6468,35.3349767,-99.5970767,144677860
6480,45.295266,-118.0381396,1062495579
6502,40.0727186,-95.1888736,190732833
6518,46.244302,-112.123457,434742347
6526,42.7476292,-86.0664089,3690481056
6527,45.6338773,-108.9198606,418852766
6547,44.2797533,-105.5054486,498200401
6562,39.5965263,-94.7885816,189145593
6563,33.6598117,-97.1526954,223444731
6565,36.3198514,-82.8386483,1700713982
6567,45.6500054,-110.6079932,418561295
6577,39.6304715,-77.7736317,616938680
6578,48.5149638,-111.8772673,1650032977
6588,45.8784872,-112.1072909,534879879
6593,35.1888746,-111.6259928,174599096
6607,39.0998158,-76.6285194,349141634
6628,36.0686694,-79.3584565,169056545
6632,31.923091,-81.329411,66504016
6633,44.7783138,-117.8099854,765378912
6640,40.3569899,-104.9823122,51039679
6642,27.634263,-80.5159235,507657034
6646,40.9452664,-87.2219141,180007476
6655,39.6418387,-75.8080995,182463444
6661,35.862429,-86.8317648,304708036
6663,35.925711,-80.5856522,170435686
6677,43.4650003,-96.7974276,1876439606
6701,34.115784,-86.866254,55014607
6716,46.8799415,-96.8404158,75137893
6721,46.8657072,-96.8419561,75112566
6725,47.9294293,-97.0933541,75862717
6734,38.6757589,-104.7113442,431908567
6736,40.4697321,-93.97622,190655065
6742,45.4099795,-94.0531773,188472241
6745,30.4170595,-91.4394386,115458031
6755,34.7841772,-92.1338912,118422890
6760,44.290571,-73.532157,212061927
6765,33.079973,-80.6548352,111699340
6806,40.580431,-75.7121667,724268700
6810,37.7239582,-77.4498215,443067062
6823,31.6711458,-106.2503795,1588414592
6840,32.2421777,-107.98846,33450274
6842,42.187614,-71.847733,66651118
6845,40.7431129,-99.7469644,133771571
6850,42.7314905,-105.3402581,1887323716
6857,39.5304539,-119.7317735,140207198
6864,34.4787231,-92.7290977,453186233
6869,40.0683457,-80.5666375,441767744
6885,38.3081178,-81.5658439,469425047
6886,39.1570287,-108.300926,380548946
6915,43.0600678,-70.801418,2285973504
6927,32.485565,-85.639599,57021268
6944,45.914537,-119.3225535,299421656
6948,40.3505466,-76.728304,473236638
6951,45.6404997,-118.6876762,42798374
6960,41.2602085,-110.9745134,158262287
6961,41.1153669,-104.8618125,157368957
6962,41.5419121,-109.8652012,158279142
6971,43.2548878,-88.1818542,213266650
6975,43.181606,-89.328115,53330486
6980,43.181606,-89.328115,53330486
6981,42.7427222,-90.3435276,255028391
6984,38.4563542,-81.9402422,946821534
6986,47.2412239,-122.3866372,110379628
6987,46.9724081,-120.5325965,9320089068
6992,46.946966,-122.9390726,259376901
6994,47.6607815,-117.3178942,364168262
6999,36.598481,-78.154481,216459146
7003,37.7569698,-77.4586431,444060583
7004,36.738315,-76.246609,220896622
7005,37.933965,-79.226877,218752483
7007,41.6859983,-91.5688766,160082555
7013,38.2881919,-112.6504436,286496962
7016,40.6839304,-112.2735732,520812346
7018,40.715355,-111.9041974,352871780
7023,35.1926092,-101.7685511,227805629
7037,31.0357989,-104.8503559,150389376
7056,32.4495112,-100.438119,227445669
7059,32.2645693,-101.4858465,386285917
7064,31.7722601,-106.3786965,1334956234
7066,29.8821007,-97.9225693,151421764
7072,36.0175029,-86.6241418,202476638
7077,35.3074438,-86.8822561,472524302
7078,35.5980388,-89.0523902,471243981
7080,35.0066476,-106.0236342,470015920
7082,35.0784514,-86.8830618,453662517
7087,43.8829686,-100.7119181,80033676
7088,44.0994544,-103.1580639,629552214
7095,33.701612,-80.2477711,1698970550
7106,41.1736463,-79.744091,200993036
7112,40.3505466,-76.728304,473236638
7116,40.95709,-77.77802,105950887
7121,41.0147557,-76.4851236,60672812
7126,41.038671,-78.406287,104589224
7128,40.465431,-76.3443831,473225051
7131,39.9871627,-78.2518762,201011558
7132,35.7757784,-115.3317762,137180237
7135,40.2323403,-77.1299313,111721080
7136,41.0299279,-77.5274713,106432905
7137,41.2015638,-79.9804246,795341478
7147,45.5952921,-122.6840679,254821865
7148,45.5449897,-122.3866584,40661676
7154,35.4603501,-97.6821877,458733753
7156,35.460505,-97.6501614,299513729
7166,39.95516,-83.380722,198413777
7169,41.1239305,-80.7674526,198479281
7170,41.1745856,-80.5765364,200072674
7172,41.5234517,-83.4570095,200626991
7173,42.0628075,-76.1438574,484167617
7176,39.8352948,-84.6346213,199447392
7179,42.9044288,-78.7667222,111449337
7180,39.942336,-82.531541,198403453
7183,41.8771226,-80.6713496,196255730
7184,39.621777,-83.604056,197357389
7189,46.8887347,-98.6809488,78141190
7190,46.917296,-97.679676,75129760
7197,42.9547972,-76.9865913,212782063
7198,35.6142285,-80.5144671,173086223
7213,42.5532282,-79.1055171,211588467
7215,42.9440928,-74.3556381,212671341
7216,42.0608355,-76.3289518,119831916
7222,34.9490795,-104.637819,616235725
7226,32.295128,-106.8053717,33677268
7228,35.1071565,-106.6128987,141064538
7229,35.5084858,-108.8282804,610488018
7230,32.2678891,-107.7780458,33293019
7231,35.1184123,-106.6243007,140750864
7234,40.6599248,-75.0704108,103892415
7237,40.9273261,-75.0889137,162001985
7240,40.6358285,-74.964575,28209999
7244,36.0497553,-115.1809612,1430595994
7248,36.1052847,-115.1808585,305571665
7263,41.0468871,-102.0767474,133876330
7264,40.8006884,-98.4861806,1658632917
7265,41.13738,-101.009278,135017450
7267,41.1151917,-101.7093332,134829121
7268,41.1682382,-96.1303197,135825351
7269,40.8217599,-98.3697128,1658633057
7284,46.9497909,-114.1282475,517519891
7285,42.153325,-78.743061,211462737
7286,46.9497909,-114.1282475,517519891
7288,45.6812514,-108.7111154,418946532
7289,37.2722776,-93.110533,190583139
7291,39.0161984,-94.1329544,190933994
7293,36.756371,-89.537784,191915482
7299,38.9444689,-91.945971,189381258
7300,37.6516312,-92.6653259,191233373
7310,33.9874717,-89.8693504,282631178
7312,40.061511,-81.04871,196632678
7314,32.3946953,-88.5828522,125585263
7323,45.7226219,-94.9594843,263704002
7326,43.655569,-93.32019,186923010
7327,42.1006347,-84.9964228,183824966
7332,42.1345225,-83.2411767,1793819985
7335,41.8855922,-86.6008974,3678228119
7337,42.2998235,-85.0816692,183789915
7354,43.1015357,-70.7514084,102594971
7357,30.281528,-89.750617,123876279
7364,41.1445562,-80.7151874,200073164
7370,37.041881,-86.203963,168601339
7371,37.517272,-85.885646,164131592
7372,38.9135655,-84.6284285,161961244
7379,36.669571,-86.552853,168314189
7382,38.9979232,-84.6467791,161942079
7385,39.0141983,-99.8872651,123090829
7387,39.1220135,-100.8105424,120299044
7389,39.4100372,-81.4244049,200336307
7398,41.6619435,-93.4837147,1804543738
7403,41.1899004,-83.6497838,200574873
7406,42.4398392,-96.3754393,161444485
7407,41.615867,-90.779213,160978636
7410,41.622672,-93.776709,160715268
7412,40.2812505,-85.5581738,179273776
7416,40.9452664,-87.2219141,180007476
7421,39.8530397,-85.1496828,611549044
7425,39.4494023,-87.1323562,179059697
7429,39.6154879,-86.4739904,179819703
7435,40.7700653,-87.1225258,180022414
7436,39.949398,-86.3565006,178877556
7437,39.3165133,-85.3294502,179141178
7457,39.1291317,-88.5657755,234328822
7459,41.3857791,-88.4272587,234606767
7466,37.7409519,-88.9579007,3877482469
7469,38.6218582,-90.123798,236994806
7471,40.3162839,-89.1600671,261228092
7482,43.5679786,-116.2027891,126193066
7492,32.749074,-85.278824,52377063
7495,33.6100061,-84.3961339,67366876
7504,34.3738179,-84.9079239,330998696
7506,32.992058,-85.025265,72996648
7523,43.848642,-84.020359,183700360
7533,28.8557825,-82.0899709,7061416624
7535,27.9477636,-82.4516187,97744401
7543,41.2946502,-72.7692784,318403889
7545,41.2341486,-73.031094,178524464
7546,41.4380244,-71.8021897,313844537
7551,39.740072,-104.5986229,175880757
7552,39.7814193,-105.133844,269459211
7574,35.5323413,-98.2333027,144803234
7611,35.0475552,-97.9094276,145744286
7615,34.9710157,-110.0914361,1739907197
7617,32.1288472,-110.881093,3421434562
7624,32.2701457,-109.841204,732768398
7625,35.5161049,-98.8740191,145300406
7627,34.5024792,-97.1713513,1022731835
7635,32.3298234,-86.3340242,58893245
7636,33.1748872,-87.4801705,64275797
7705,35.2169599,-114.0156764,1698695668
7708,26.6517396,-81.7991962,98025545
7715,37.1430303,-84.1103951,165561783
7718,38.4712358,-90.8518955,958261792
7719,38.8369054,-91.2221445,193784955
7721,47.1130946,-104.7415415,40560363
7722,40.8215298,-97.5918268,137074331
7733,35.1926971,-101.7309554,1671410826
7767,41.1039056,-104.8507063,500964718
7768,41.1245787,-104.848411,458233971
7792,33.2108658,-84.0634879,339926340
7798,30.8514387,-81.6746757,66708932
7825,38.0589441,-85.6987911,162334084
7873,40.720428,-116.112047,138432024
7886,39.8305686,-84.8131976,199505272
7930,35.4610246,-86.0537808,496603444
7959,41.1039056,-104.8507063,500964718
8840,35.4635716,-97.5774824,1479962386
8895,34.7360035,-97.2600756,145742086
8927,35.3835415,-96.6763659,148100930
8948,39.6881555,-111.8312584,83279656
8961,31.3997651,-103.4865119,228097712
8977,34.3626558,-98.4094129,12128888205
8987,35.4836367,-95.1551518,912723077
9160,40.7644159,-98.5829341,1658632884
9280,41.3406826,-75.308321,96238287
9289,41.7826669,-75.684096,356817187
9354,39.7371859,-80.057605,703573437
9365,34.3456415,-79.5304245,111954686
9381,41.5510891,-75.6515811,96774836
9382,39.8352948,-84.6346213,199447392
9383,39.942336,-82.531541,198403453
9386,41.1767732,-83.6495442,454157350
9403,40.6599248,-75.0704108,103892415
9423,38.9444689,-91.945971,189381258
9449,33.9350235,-81.0809028,113427401
9451,38.4278182,-95.7332901,119673036
9467,41.6075125,-87.1005547,410612042
9468,41.5830349,-87.2400727,509906012
9469,35.0436859,-81.8172489,6767608131
9485,33.7252594,-84.9069891,68396395
9513,33.5604815,-81.9421931,109610285
9525,34.7405946,-81.0349406,1147243479
9528,38.4553087,-81.9271973,946821791
9542,34.063747,-81.138474,113414416
9550,43.8006273,-90.0605775,231251213
9614,43.738166,-98.952251,78773165
9638,34.2667972,-79.709146,1835721782
9668,43.6947168,-98.4505865,78552619
9703,41.7839711,-80.8599564,196235683
9712,36.062447,-79.570866,171104529
9713,42.7832,-96.7887736,81298513
9717,43.912549,-100.305172,80259612
9746,40.6950921,-118.0533653,140019646
9747,40.8215298,-97.5918268,137074331
9783,32.9383837,-89.9813448,491435664
9808,42.298194,-83.8832271,62480827
9812,36.0027234,-83.7801881,202783664
9818,44.8319352,-69.2873144,544269615
9821,35.9927096,-86.5924423,203434375
9843,39.0589762,-96.0352156,123143994
9855,39.5546937,-86.0441787,180146208
9862,41.5699667,-87.3977211,761880817
9887,28.0033799,-80.6340887,517890493
9941,32.7369889,-111.5547422,175498100
9945,32.6410015,-85.354756,56855377
9959,37.938282,-77.472641,208772196
9971,42.5653412,-77.7148602,302056485
9973,41.1013042,-74.1691652,65643178
9995,41.6107191,-93.7767305,160720963
9997,33.6856381,-85.1458217,66883370
10014,36.1513478,-86.7510707,202477746
10015,36.20307,-86.7766017,202182087
10020,43.6063366,-73.2735766,1790652910
10033,38.3370849,-77.4950108,390920
10047,48.1765495,-111.9344484,45110051
10053,41.5497051,-89.0603576,655378119
10057,39.6979026,-86.1793567,1772959311
10077,35.1526598,-90.143675,630370396
10085,32.7737071,-115.5559421,87652787
10101,33.4837573,-82.1266845,67841992
10104,33.327105,-84.774695,67948563
10109,42.0037455,-92.9055659,160460002
10110,43.5992618,-116.5583474,127773831
10116,41.9290639,-89.0238773,655427115
10126,38.4874631,-85.7716953,178999367
10135,38.3738216,-97.6207903,121182425
10142,36.712889,-86.52347,168311271
10144,37.0936585,-88.6866281,166249156
10146,36.727072,-84.169337,169039869
10150,30.4788682,-90.4613616,415349195
10154,30.5791452,-92.0495221,123744483
10157,42.7855313,-85.6683568,184761245
10161,42.8173775,-84.5519028,184064827
10168,42.2792412,-84.3088495,1823667444
10172,43.4471313,-83.8906889,185877243
10184,34.3063979,-89.9197437,282401232
20000,35.5695389,-78.1638114,149365938
20003,35.6741556,-80.856669,171583071
20009,41.0468871,-102.0767474,133876330
20012,41.0976314,-96.2476321,135809727
20014,43.6083263,-72.1865901,25244153
20019,39.6852382,-75.478766,105208727
20024,32.2726816,-106.9180327,447013139
20027,35.1535441,-103.7077358,440551395
20028,36.2906891,-115.1297919,1585865293
20031,40.959655,-117.7497821,138361059
20033,42.376403,-77.35868,120106797
20045,41.1445562,-80.7151874,200073164
20049,34.7071807,-98.3953633,145343640
20050,35.1869159,-97.4907259,1023348598
20054,45.3314485,-118.0726599,765186286
20062,41.0286475,-76.0736469,145127691
20066,42.2321374,-79.7803965,106916199
20070,41.360269,-75.197131,96291923
20072,34.9111505,-82.1116811,114156418
20079,36.0828156,-87.1019411,471852056
20083,32.0007469,-106.5829107,376338503
20086,33.2600056,-97.1777321,81686255
20105,33.1620222,-95.2302888,224184804
20108,29.2228223,-98.4103309,149455098
20109,29.4450684,-98.3612276,1506895863
20114,29.8396339,-94.3785257,305004003
20118,44.2982827,-90.8261362,271545014
20121,37.7969982,-81.2132415,946027763
44228,42.979198,-82.77401,185943728
52040,45.9834119,-122.8281374,169377444
52048,30.5571143,-88.2056528,57909038
52067,33.7903219,-84.4903317,69122877
52085,38.8639659,-98.8588951,1582120915
52090,31.724701,-93.153455,115857934
52099,43.116664,-83.763267,61535043
52106,45.8119263,-108.4191945,419210551
52107,35.6142285,-80.5144671,173086223
52140,46.3060822,-119.9865497,314751793
52142,42.298194,-83.8832271,62480827
52143,34.6903611,-85.0029043,331019286
52145,39.6979026,-86.1793567,1772959311
52146,42.8552821,-106.2754063,157629528
52149,38.9135655,-84.6284285,161961244
52150,42.0718873,-80.0369475,737071942
52152,41.3326684,-105.616366,477797074
52153,42.4816524,-87.9476354,9938494370
52155,41.5641526,-72.9135255,660933893
52163,34.2690914,-84.8075623,330994056
52212,41.7775344,-107.3038968,156627502
52221,32.6563101,-96.7447814,4959211088
52222,30.1182402,-93.8280534,227691430
52230,41.2502768,-112.0173374,358265244
52233,32.6899207,-114.5869427,320728806
52235,41.3326684,-105.616366,477797074
52239,31.4334356,-83.5197364,4374914941
52241,39.0890095,-104.8620147,1692191945
52255,41.682675,-88.0724958,339946216
52297,36.9180639,-86.4278952,168868983
52299,30.4485387,-91.249714,480399028
52302,30.1562381,-93.6344924,114872892
52304,30.170102,-90.8712027,114662946
52313,32.3469865,-90.8338498,341602957
52322,40.6484136,-74.2018845,254354241
52323,40.7105285,-74.174944,295532206
52325,42.451391,-75.046543,213135109
52326,38.8158995,-90.9503946,111156986
52334,43.8006273,-90.0605775,231251213
52335,37.1960259,-77.3215361,217993098
52346,39.2803479,-76.4786949,37423196
52361,32.6492014,-96.7749526,81661031
52364,32.45712,-91.7593867,123504430
52366,35.4901947,-94.2206909,116861432
52367,37.8507043,-77.4548422,444306354
52383,33.3213679,-87.0509691,56455015
52384,34.229994,-79.7988897,112536096
52385,40.271597,-82.927078,229582718
52387,34.6160839,-89.9500055,282395287
52388,35.1375835,-81.5162024,34192148
52400,42.7834381,-87.9538553,368026522
52401,35.174533,-92.739032,116717232
52402,32.4466715,-93.9767747,114875538
52403,30.424351,-89.132351,125108098
52404,41.1008542,-114.9623327,138355162
52405,41.5999819,-90.610992,160941168
52411,40.7360992,-111.949321,472513115
52413,41.13354,-83.658835,63077948
52414,48.1854347,-122.200462,50804234
52421,41.1478525,-78.7926419,106373698
52422,44.9048875,-91.8609065,230842009
52423,46.007446,-112.6176648,434153666
52426,34.362856,-86.891239,58993136
52427,39.6158571,-119.2618587,6639421949
52428,33.9350235,-81.0809028,113427401
52430,34.9243873,-85.1503228,1751529308
52431,30.9398815,-81.6861644,66725187
52435,30.2159983,-93.3299984,114868452
52438,36.6685697,-89.538231,191915383
52441,35.581869,-78.1418693,413758474
52450,32.5245176,-96.8222439,82131740
52452,43.9554095,-88.5831947,866188458
52454,40.0005965,-81.5838377,385512318
52455,34.1881986,-97.1657822,144865362
52456,37.0122775,-94.5429606,191986412
52458,34.7841772,-92.1338912,118422890
52463,36.2361089,-115.106743,137116643
52465,35.2849371,-93.0962907,118224792
52466,39.6289257,-75.9621952,182303876
52467,34.06645,-81.0222908,113936097
52468,35.4603501,-97.6821877,458733753
52470,41.6504649,-93.5915644,160756079
52471,40.8290586,-83.963734,196185682
52472,40.2323403,-77.1299313,111721080
52473,39.6881555,-111.8312584,83279656
52474,42.2998235,-85.0816692,183789915
52477,46.847664,-96.8562207,75103616
52478,38.343989,-82.947097,162743498
52479,34.348002,-83.314593,69046231
52482,30.8199213,-81.6652293,66724177
52483,38.8795252,-97.5986795,492666681
52484,41.695478,-92.357325,160770035
52512,32.4419766,-98.6910886,390931087
52513,32.2708881,-90.1525543,334281022
52514,36.756371,-89.537784,191915482
52516,35.0210884,-110.6795196,1578674219
52527,29.4033583,-82.2448715,447888660
52528,39.0161984,-94.1329544,190933994
52529,45.1393386,-112.7344034,434195315
52531,39.1275659,-94.4979227,190948019
52534,36.1639347,-84.0787094,1843340902
52535,31.4469993,-96.0723216,473189667
52537,44.575148,-91.2018239,232466782
52539,33.7603917,-84.4839106,69119358
52542,28.3310393,-82.3243186,5273002277
52548,40.8212552,-97.801243,1658632985
52549,41.4593571,-81.6571409,105524359
52550,35.8165651,-86.4016101,502653828
52551,30.7225209,-85.191399,298510637
52553,35.088407,-106.74177,140753158
52558,35.5170762,-93.8290794,117010169
52562,44.654271,-73.482743,211833732
52563,30.6477475,-83.1931192,9503849248
52564,37.059305,-94.432945,190951958
52565,27.6902769,-99.4598129,344993316
52566,27.6000856,-99.4960912,9688923151
52575,37.0647309,-113.5841499,84253076
52577,41.2320659,-95.904136,160902953
52580,31.1431849,-81.5716421,1596506976
52581,32.2701457,-109.841204,732768398
52585,46.8969557,-103.1848193,77796579
52590,36.669571,-86.552853,168314189
52591,37.938282,-77.472641,208772196
52594,40.1334875,-79.9989734,3777506712
52597,40.1831773,-77.2429097,111524147
52601,34.7841772,-92.1338912,118422890
52602,39.9311629,-77.6341243,1387059465
52605,41.4221212,-87.7595853,237434092
52607,36.0197109,-87.334874,53659513
52608,35.7221042,-81.189662,169835317
52610,42.137782,-79.9268917,302087525
52615,41.4646996,-82.0517253,198297679
52618,34.713854,-82.498571,109509119
52620,39.3298691,-101.6931048,122630061
52621,39.3296762,-101.5435445,122602945
52623,41.9185344,-72.2636618,290061691
52624,45.7634407,-119.2080383,42798779
52625,38.2268065,-91.1533622,958192151
52626,31.1431849,-81.5716421,1596506976
52628,33.6303672,-113.7614539,174836552
52629,47.0025385,-120.5864384,369957234
52630,45.0463136,-122.9742951,249748894
52632,39.5546937,-86.0441787,180146208
52633,36.0681644,-79.3079274,169046672
52634,40.8215298,-97.5918268,137074331
52635,35.5290121,-97.5128527,5134078397
52636,38.1669202,-87.5500532,181882811
52638,31.5735078,-102.8973474,229200237
52641,32.1864187,-81.1985711,1687908086
52642,34.5051404,-81.8570867,1629927298
52644,36.521586,-77.585472,172467016
52646,39.7684641,-104.7991775,175847340
52647,39.945,-82.595813,198246356
52649,30.4915779,-84.4316318,298586016
52651,29.732051,-98.0744206,1389221799
52652,38.27076,-84.55544,168185859
52658,35.4218529,-96.3040613,147420836
52659,32.3545531,-108.7483552,33607183
52661,32.6063547,-97.3205832,82403841
52663,32.6220427,-88.2103701,63787919
52667,32.333443,-89.2916572,344910866
52674,32.4600363,-99.8662005,57671052
52675,46.3974867,-105.8160339,430310682
52676,41.145355,-78.78212,104254083
52679,40.1224527,-74.718227,103599297
52680,30.0723908,-81.4988036,100132161
52683,36.1779476,-94.1839674,119071626
52685,34.9819876,-90.9085919,118551517
52686,34.9544981,-110.3157665,1740745757
52687,33.660715,-114.2352697,174820802
52690,27.4092008,-80.388277,503976892
52691,33.6833307,-85.2671415,70073197
52692,38.7279552,-89.913683,236325809
52697,40.1833599,-111.6464105,431056059
60191,33.4961686,-112.9308833,1678497819
60206,37.656059,-104.79171,1150217015
60208,41.3508036,-72.8676369,9373714138
60229,32.6260685,-83.3747532,73061964
60243,42.0220598,-96.128396,160511166
60245,42.938224,-114.984849,129316545
60248,40.5918167,-74.2362213,254159015
60250,40.6611211,-74.1846744,254354080
60273,39.3649673,-101.050919,122999910
60280,37.054062,-97.3382527,122875705
60294,30.31453,-91.835689,123773768
60295,30.2357437,-92.3803452,114675050
60298,30.4213964,-92.0553758,123731094
60316,45.87702,-68.411408,668105982
60324,42.438897,-83.0948815,62564057
60326,42.979198,-82.77401,185943728
60328,43.0164142,-83.6836648,1618328753
60344,42.7212539,-85.6700544,183491434
60347,43.688505,-93.36315,186916348
60373,36.9168246,-89.323147,191700184
60382,39.1275659,-94.4979227,190948019
60383,38.9004658,-91.4600093,191832924
60392,32.2966762,-89.7990631,131878387
60398,45.6445323,-110.5678136,418558625
60463,40.3981078,-84.161876,454082552
60471,41.3780473,-81.5138,105668427
60540,32.5448213,-95.7640632,229028691
60551,33.474694,-94.413936,222250053
60565,35.2300991,-100.2552699,229249966
60589,44.937714,-91.152451,230690098
60650,32.9397829,-112.7562619,414260348
60700,39.702054,-105.2022419,177248094
60707,40.6165619,-103.174748,382380256
60768,34.2028341,-84.7614461,330982727
60781,32.4893194,-83.7424188,70368604
60791,32.8441097,-83.6241708,8939459812
60807,41.0033638,-92.1545389,351947783
60829,39.7030735,-91.0338601,1598526984
60839,40.773003,-89.7494482,236775015
60846,41.6043439,-90.1921248,236921236
60865,41.814944,-87.7495186,347276130
60871,41.0336631,-89.0565379,528518818
60881,38.283541,-85.917342,179442883
60887,38.1939914,-86.9723236,181723596
60902,41.7305336,-86.327329,181561722
60979,30.1562381,-93.6344924,114872892
60998,42.1629936,-72.5469899,64740622
61006,42.130791,-71.702132,68723766
61028,43.5960155,-83.9876876,183685957
61034,42.278342,-83.1534387,780939825
61038,42.9871373,-83.6826086,61525301
61042,42.3712447,-85.655868,184691259
61076,45.2537216,-93.0230596,1448585944
61093,43.637535,-95.573305,187599085
61099,38.008232,-90.225434,192902179
61111,39.5498281,-94.2704588,189855676
61118,37.7067029,-89.8892084,192147413
61146,31.9057382,-89.0180797,1227229044
61193,41.0841397,-83.6597588,63080545
61205,35.7164712,-78.5838283,195401765
61254,36.0110286,-80.8323353,171577961
61269,47.8925394,-97.0901639,75862146
61271,46.9121145,-98.0051895,74318353
61292,40.6881353,-74.1003452,6048045572
61339,40.6712085,-75.1306288,3249263603
61453,41.577764,-83.6908072,12537478477
61461,41.6308399,-83.4820932,63158111
61483,32.556784,-93.77658,114897980
61511,40.4857271,-76.2469816,473224052
61515,40.2323403,-77.1299313,111721080
61567,40.4971665,-79.9360987,687154284
61594,34.7918823,-82.4127967,112651041
61595,34.7918823,-82.4127967,112651041
61597,34.8782887,-82.211002,114159328
61599,35.07874,-82.059622,114159975
61616,34.5055395,-80.9972921,1835017420
61621,43.6916457,-98.0177918,79281584
61633,35.984654,-85.0167115,202149773
61642,39.365961,-94.373188,189856728
61646,35.3501945,-89.5159138,457621817
61651,36.2259886,-83.0363429,1700713068
61660,35.7884533,-88.3954207,471723709
61684,31.2620793,-95.987729,469470404
61730,31.9510164,-102.1392109,227135532
61747,29.2847916,-98.6536385,149496062
61761,35.236433,-102.42247,227678189
61763,31.5598919,-103.0006207,229137951
61799,37.104899,-81.12908,206583530
61804,36.939562,-77.392838,220008864
61835,42.5380003,-87.9520841,231275771
61849,43.091831,-88.904321,231192067
61968,34.1983595,-97.163816,144860369
62008,40.4514031,-76.5161698,159043651
62211,40.245113,-104.05914,177689396
62355,40.7365137,-89.0346654,658551609
62399,41.7347117,-85.7969688,1412469997
62467,38.365764,-82.772725,162072620
62500,30.1562381,-93.6344924,114872892
62550,42.1425984,-83.3823463,62568058
62559,42.9113847,-82.5056832,185952120
62560,42.8793519,-85.0674017,184496506
62701,39.6902348,-79.1099032,619614997
62710,45.8330232,-109.9022199,418500136
62824,39.6134288,-119.2279546,494660923
62850,43.231657,-73.691959,41831202
62887,39.2950519,-84.4727619,248111538
62911,36.935018,-77.738797,207752496
62991,41.3543074,-75.378748,96285875
63018,32.8863304,-80.0145318,921174867
63126,29.4964966,-98.1984346,149496869
63246,42.7201338,-87.9537671,9051987453
63336,39.8276722,-89.5926645,929697364
63349,36.700383,-87.4484465,1844841046
63351,37.5727718,-84.3143237,166445690
63353,40.341101,-88.7706,261229796
63379,39.0161984,-94.1329544,190933994
63388,35.759266,-78.004082,195880506
63391,41.1060898,-100.7313895,135022969
63409,43.0012748,-78.4162697,221625782
63428,35.4585728,-95.5380465,146757304
63442,36.0281362,-87.1759267,204077625
63455,39.288256,-78.08573,211306794
63456,37.189949,-77.488775,210413791
63500,43.3509341,-83.8644984,185877966
63506,44.5384152,-89.5419442,403282
63509,34.390042,-83.23168,69031481
63510,34.3456415,-79.5304245,111954686
63511,33.2675058,-80.5708447,1835230449
63512,36.0936078,-80.0012002,171091103
63516,38.759793,-78.636564,219026120
63517,33.5908841,-86.1207613,63909553
63519,38.4406833,-81.8327679,946750568
63522,36.1825588,-86.2952061,204115543
63523,34.537746,-86.906156,58990016
63524,31.9557619,-83.7507588,68026843
63530,29.9979994,-90.0437042,9655128106
63533,43.664999,-116.6652713,127594645
63538,44.63926,-88.046409,230523139
63540,32.657112,-83.7440541,71881318
63545,35.1551033,-81.4834791,34192424
63563,31.0374335,-104.8255296,150372481
63564,39.974356,-83.094952,229597868
63565,32.9397829,-112.7562619,414260348
63566,30.4485387,-91.249714,480399028
63568,38.4163921,-96.2249114,121289868
63569,41.4975105,-95.34496,160723323
63570,40.9971931,-82.0006657,33085307
63571,30.0569272,-89.9439486,115881924
63574,44.0293451,-116.9510159,766013455
63575,35.4218529,-96.3040613,147420836
63577,41.4620447,-88.2785429,234608493
63580,42.4594641,-92.25956,158972894
63581,38.139688,-84.5296,163417755
63584,33.7175021,-85.0207449,66843386
63587,38.8303196,-97.6412557,122082237
63588,42.7201338,-87.9537671,9051987453
63594,36.6842788,-87.4099053,162937912
63595,40.698836,-84.0932239,196086024
63596,36.228821,-89.733958,192132649
63597,32.3406962,-108.6855529,33606018
63598,43.8006273,-90.0605775,231251213
63599,40.7360992,-111.949321,472513115
63600,32.277435,-90.1838944,280680002
63601,32.7275529,-97.8086831,6664882239
63605,38.154909,-85.07401,168239431
63606,40.0351852,-86.4738529,767320790
63607,43.9617391,-90.3742384,258488996
63612,27.4418895,-80.3914123,503986054
63613,32.3406962,-108.6855529,33606018
63614,40.120993,-85.5689482,1418333511
63615,37.082384,-80.653332,218121946
63616,42.39844,-83.763472,62482850
63619,32.5110871,-92.1880916,1108525761
63620,32.2708881,-90.1525543,334281022
63621,32.8434404,-96.8771133,81639244
63623,27.4092008,-80.388277,503976892
63624,30.2524749,-92.2656796,114665062
63628,30.873963,-88.04965,57787547
63629,44.575148,-91.2018239,232466782
63630,39.778186,-104.909297,8020047775
63635,38.9995201,-96.8570097,120257619
63636,31.4337293,-110.9656463,175637593
63637,39.95516,-83.380722,198413777
63639,39.4494023,-87.1323562,179059697
63640,38.087354,-83.906506,167210112
63641,27.9548259,-82.41837,97843980
63642,35.1130446,-92.4417361,447565824
63648,33.4125533,-84.1626484,70287054
63661,34.928552,-89.798855,124880530
63662,32.6158251,-83.7430042,71878043
63668,33.6375056,-80.8774569,110041090
63669,32.6034608,-96.6855661,81629329
63690,33.828354,-93.398748,117936932
63691,30.3787916,-83.2927677,298771072
63695,33.7175021,-85.0207449,66843386
63697,37.116003,-76.501343,221037498
63699,41.8073831,-90.5325207,159403278
63700,42.4994525,-83.5434085,61854384
63702,38.198245,-85.70383,164592965
63703,39.9156792,-83.015714,229601106
63704,39.2870092,-84.4294834,248099303
63706,43.1012138,-88.0581384,269092829
63716,42.170633,-89.0239058,237530075
63718,41.9290639,-89.0238773,655427115
63720,33.4625001,-112.2111665,338469668
63722,30.4485387,-91.249714,480399028
63724,35.6808389,-88.7454231,203028503
63725,34.2690914,-84.8075623,330994056
63726,36.1553135,-95.8374117,148307467
63727,42.164246,-75.839268,116224614
63728,41.615867,-90.779213,160978636
63729,40.7412508,-114.0630788,137724182
63730,39.7443451,-81.5333901,199096880
63731,30.24901,-93.017279,114871167
63732,32.8046536,-111.6633247,343156928
63741,37.337038,-77.338256,209396367
63743,41.3121783,-75.7585952,206156135
63744,36.700383,-87.4484465,1844841046
63745,38.1669332,-87.5576554,181875837
63746,35.0843984,-81.7028474,1831592579
63747,38.4600572,-85.2919901,164373697
63751,32.277435,-90.1838944,280680002
63752,41.1445562,-80.7151874,200073164
63753,34.5555218,-84.9345406,331010405
63755,35.4073412,-94.5223392,913949812
63756,33.5218331,-82.0303996,402289241
63761,45.21823,-93.595996,7093853661
63762,41.2534459,-87.8509881,1687299171
63763,41.371381,-89.1021984,34990628
63764,31.7302642,-96.1817966,473330753
63766,41.79487,-83.691198,185324480
63768,39.000821,-93.731881,191362813
63770,41.7839711,-80.8599564,196235683
63771,42.4764418,-93.568879,441443640
63774,39.6285292,-77.80548,897998962
63775,42.4862315,-88.9949603,258486761
63777,44.1346363,-93.2479089,188223245
63782,38.4278182,-95.7332901,119673036
63787,30.448514,-88.930293,125107451
63789,41.2939518,-87.3012299,488189836
63790,36.1062408,-83.3386231,13099126785
63791,31.4670431,-97.1669871,1475052511
63792,29.2630798,-82.1915754,447888634
63794,33.1181618,-95.6244046,401522236
63796,36.0788267,-79.2298912,172647261
63798,36.772616,-81.777955,154147075
63800,41.2341486,-73.031094,178524464
63801,39.1567779,-94.4979268,189861374
63803,35.5177366,-94.10819,116797908
63812,37.6003623,-85.8679639,164119443
63813,29.440207,-98.3757703,150031060
63836,34.8010131,-91.7457098,452613303
63848,33.4766759,-94.0036669,454217134
63850,35.2382904,-111.8276275,174650042
63855,31.9667546,-110.3387687,173842351
63856,34.3188412,-112.1233476,3227803398
63870,39.780992,-104.8995156,1590069301
63871,39.1535063,-108.7318331,176134446
63876,28.2909956,-81.3497037,494019476
63887,34.3738179,-84.9079239,330998696
63893,33.743494,-84.3776418,69145307
63907,34.1556575,-83.6423957,457717837
63909,30.8199213,-81.6652293,66724177
63910,32.8027865,-83.5716881,66293418
63912,30.7636406,-81.6533873,66760190
63915,32.5111718,-84.9507379,71632017
63925,30.7558902,-83.277232,12668777532
63931,34.4216183,-79.4098918,1835823830
63937,40.6931069,-95.7859898,159761647
63946,41.5130168,-88.0466116,385095281
63955,39.7404076,-89.9172153,924682210
63960,41.3697925,-85.0802192,501496894
63964,29.2995233,-98.6287744,1474002743
63965,40.2576034,-86.6505972,478469753
63966,41.1253741,-85.1836116,178809587
63977,38.239447,-86.366243,179091946
63978,41.7469817,-85.6925361,411416769
64002,37.832604,-85.7181766,162337291
64020,31.3465866,-92.512024,123436860
64029,30.170102,-90.8712027,114662946
64040,30.24901,-93.017279,114871167
64042,30.0900509,-90.4474742,123723260
64043,32.117165,-93.605878,115185981
64044,30.0053211,-90.0239712,116026769
64048,30.4485387,-91.249714,480399028
64058,30.1562381,-93.6344924,114872892
64084,42.2675342,-84.6168731,184641817
64085,42.253128,-83.3041292,62573969
64087,42.4905971,-83.0380932,4789463067
64092,33.1726395,-87.4419113,64196552
64098,43.637535,-95.573305,187599085
64101,37.2503267,-93.2198129,5305364460
64112,37.2501877,-93.268119,1703413804
64116,42.7991368,-84.7338134,184075609
64122,35.1535441,-103.7077358,440551395
64124,45.4963672,-94.1620832,188222002
64155,36.1441438,-78.7276732,170989316
64156,35.6105786,-78.5661568,149360713
64167,42.9116352,-71.3679477,194892196
64170,35.156218,-78.719226,170227454
64171,34.9971432,-78.1341925,170493155
64172,40.9683229,-96.3934065,414737499
64173,40.8966627,-96.6501341,134948134
64181,40.3562578,-74.4710577,533819103
64183,40.5482976,-74.2792658,999070498
64187,35.5227217,-105.2480198,497917755
64195,42.0258015,-76.3791379,119658754
64201,34.8058301,-78.9884447,559078367
64206,40.1877762,-74.6105873,1800861233
64210,40.5514565,-74.4096214,251270031
64218,42.7940696,-74.0168206,431354556
64221,41.062355,-81.479127,230025837
64223,41.4739317,-81.6983602,200228001
64229,39.9445622,-82.4871758,198282139
64233,39.2422556,-84.7744113,440588341
64256,35.4073412,-94.5223392,913949812
64265,35.5362289,-98.6629716,145300834
64270,40.085645,-74.93114,110653156
64274,40.1328241,-76.7982764,892619223
64282,41.0601305,-75.7535976,145215358
64285,35.15993,-81.4589049,1831592948
64287,33.755788,-81.522822,109331073
64288,34.194708,-80.280993,113402574
64294,34.8352673,-81.9693982,114140320
64298,34.3292467,-81.6058885,1840660215
64300,34.8403755,-81.9717574,114136026
64301,33.819543,-81.449023,113389655
64309,33.8833344,-81.0372739,12293746815
64310,33.1955541,-80.6050951,112067772
64313,43.5488234,-96.7806783,80641241
64352,30.9072049,-102.8790137,1049460830
64360,28.1100348,-97.815463,310536439
64390,31.9733521,-102.0701939,227154863
64393,29.6696028,-98.1612495,150138210
64409,29.3436044,-98.5513123,1356002179
64422,30.1093763,-94.049315,227619516
64423,29.276642,-98.672663,149462795
64431,41.7083999,-112.2003133,431061431
64436,36.700526,-77.550501,220870479
64442,48.8501257,-122.5791652,37055589
64447,44.7263245,-88.4386439,311682391
64463,44.434515,-89.518728,40835646
64477,35.646261,-82.032064,171985959
64478,41.2676072,-110.9436858,158317552
64479,42.002921,-92.8896804,351973692
64481,37.0122775,-94.5429606,191986412
64482,32.6112709,-90.0692011,1230770001
64484,30.6520807,-87.761117,51901849
64485,32.6492014,-96.7749526,81661031
64486,33.547638,-84.574007,69114928
64487,39.1448183,-88.5346086,1194484815
64488,30.296506,-91.911556,123755021
64490,33.8569509,-84.2469866,68149133
64492,39.8045881,-86.0540956,180922347
64493,38.9417426,-94.7524546,4207136028
64495,42.3821996,-83.3941178,62579237
64496,42.2414602,-83.3326049,62572402
64499,38.7436005,-90.4158778,286451792
64500,39.1275659,-94.4979227,190948019
64501,35.276727,-80.809626,172130330
64502,39.9975129,-83.1181721,229594682
64503,41.718114,-83.5020811,5677988329
64509,42.9345025,-87.9356176,2452380895
64512,43.0245371,-88.1074516,673446894
64514,32.0007469,-106.5829107,376338503
64517,44.9383603,-92.3672212,597466140
64519,41.0857978,-75.963407,155220102
64520,39.8684464,-84.9199203,182046797
64523,35.0742644,-107.5663224,1884089106
64525,41.1239305,-80.7674526,198479281
64526,35.8804576,-87.8050223,471837550
64527,38.4600572,-85.2919901,164373697
64529,35.192649,-101.7494096,9738665954
64530,33.5554151,-83.4683942,71564199
64532,33.2108658,-84.0634879,339926340
64534,43.4775549,-70.5021702,102587955
64535,34.348002,-83.314593,69046231
64536,42.646159,-114.4578432,129482806
64537,31.5069595,-97.1436776,236159791
64538,41.6075125,-87.1005547,410612042
64558,32.3427265,-88.793368,125597680
64571,36.2799785,-115.0327005,137183871
64592,32.843853,-86.595203,52563592
64595,30.4915779,-84.4316318,298586016
64600,35.45906,-93.48604,117388372
64617,35.7015352,-90.0479964,117819660
64654,30.2142351,-90.9507229,114666512
64655,36.0589117,-79.6758602,171384274
64664,40.6216447,-89.4574689,1728623941
64671,44.2982827,-90.8261362,271545014
64672,39.853386,-85.420445,179823831
64675,38.9444689,-91.945971,189381258
64676,35.4603501,-97.6821877,458733753
64677,37.3457476,-84.3082079,167932642
64681,32.7369889,-111.5547422,175498100
64682,35.2644317,-99.6391662,144678962
64683,33.7652151,-84.5217348,69136305
64684,39.6979026,-86.1793567,1772959311
64687,34.6584265,-84.9859486,2822101097
64706,31.207078,-87.307441,55459829
64719,32.818931,-85.215711,52386732
64721,34.9091218,-91.191978,117870337
64724,36.001366,-94.1961649,119047231
64755,38.9359422,-92.7710586,189933264
64765,40.6165619,-103.174748,382380256
64795,28.509636,-81.4158811,12350432675
64803,27.9646194,-82.412556,297120320
64819,33.6656783,-84.3453938,68150521
64825,32.658119,-84.976734,70135582
64856,41.3683872,-93.7807266,161197714
64859,41.6504649,-93.5915644,160756079
64873,42.0220598,-96.128396,160511166
64874,41.025832,-93.794482,159361794
64875,41.3895931,-92.9200538,352907151
64876,40.6931069,-95.7859898,159761647
64877,41.4822681,-91.550847,411888577
64883,41.4973835,-95.2166493,160755631
64902,40.388264,-88.8718469,261227845
64907,40.6215441,-89.2706251,475075003
64914,39.3568175,-87.8880791,234078022
64920,41.9006029,-89.060992,461515402
64928,41.7539661,-87.8716176,7098674465
64929,41.1800021,-90.3325694,466936776
64930,42.0040735,-87.9316984,9452007061
64946,41.4358278,-85.0534003,501480852
64984,37.958138,-84.388629,163419558
64999,32.552398,-93.6350974,30414857
65000,30.296506,-91.911556,123755021
65005,32.5199872,-92.3354208,115883704
65008,29.6818342,-90.7586409,124030678
65023,30.2524749,-92.2656796,114665062
65033,40.8290586,-83.963734,196185682
65036,32.432156,-91.424772,115830742
65037,32.5092076,-92.1632257,1107905172
65059,39.2725385,-76.5544966,27033900
65062,39.6297679,-78.0190284,470420748
65064,39.605107,-77.7350936,630600101
65069,44.0379048,-70.268698,84575677
65074,45.604035,-68.52593,540245319
65075,43.6774705,-70.3265376,101342512
65083,42.176713,-83.243555,62586862
65086,42.8100456,-82.6327613,185940010
65091,42.3288593,-83.1568714,62562667
65092,42.3189109,-83.1666031,62553843
65094,45.0231631,-84.6861781,185695927
65113,43.8809266,-85.5277261,456337334
65121,42.2430298,-83.4395302,62563076
65127,42.9296816,-85.737169,184706426
65129,45.8454647,-95.3929953,186790739
65136,46.7514031,-92.1427458,616580684
65142,45.178368,-93.117392,186181519
65153,45.5157121,-94.2848027,7142743266
65180,39.967529,-94.972184,188610140
65188,34.8547948,-89.6838748,277338616
65214,32.3408019,-89.1423476,344910789
65221,32.1302898,-90.2877734,1825824295
65246,34.6242313,-79.0480885,173025749
65268,36.061351,-80.22357,170673046
65270,46.931886,-104.003375,75775320
65273,47.9294293,-97.0933541,75862717
65284,40.7431129,-99.7469644,133771571
65287,40.6917617,-99.5339305,133749499
65296,43.1774089,-71.5325292,194849463
65314,39.7187866,-75.1547499,103811094
65320,40.8904773,-74.694482,104511837
65338,40.7515105,-74.1869001,299247730
65343,40.5514565,-74.4096214,251270031
65351,39.42503,-75.028466,103568222
65353,40.5482976,-74.2792658,999070498
65359,34.1553364,-106.9170034,144129561
65361,35.420337,-106.4007441,469184296
65373,44.995954,-73.455636,211848741
65379,42.187188,-75.642299,116258783
65381,42.5532282,-79.1055171,211588467
65383,42.087217,-78.625178,211486762
65386,42.385194,-75.180473,213176628
65392,42.967879,-76.847597,213265786
65398,41.4205136,-81.7953065,1080933497
65406,41.578715,-81.5458502,59946053
65423,41.5756537,-83.5745203,13633927628
65457,33.7410626,-97.1429981,146575830
65490,33.327105,-84.774695,67948563
65494,33.5445439,-83.0859614,69688953
65513,40.0499454,-78.5176181,444620246
65514,40.4771438,-76.2922119,27607075
65527,39.7835274,-77.713959,694537556
65532,41.0339078,-77.5099249,106447921
65538,40.6639619,-79.7177815,742222134
65572,33.663752,-81.679366,109318845
65603,43.088201,-96.79632,1520468908
65608,43.3068887,-96.7964606,80231498
65629,35.8729139,-84.4668013,1837194383
65639,35.9373145,-86.5353611,1844879381
65652,32.6876696,-97.4653213,82527356
65666,32.7708538,-96.8142693,81545319
65762,38.9587731,-78.1891998,220192321
65770,44.924797,-73.1089956,204509552
65771,42.8836947,-72.5607404,204965233
65794,44.4628261,-87.9583161,230527779
65796,43.3639291,-88.2940416,1485430391
65805,43.5826458,-88.4304856,230764903
65813,43.574175,-89.473461,53823722
65818,43.8918659,-91.0800153,258489755
65820,43.1972928,-89.3476084,53292839
65831,42.8420682,-106.208858,1876901769
65836,32.9441183,-97.311742,10617679469
65837,40.378309,-82.826022,198980959
65847,40.1778083,-88.2485876,37964594
65849,42.2917097,-84.9600921,183791458
65857,32.5459239,-93.5195595,114801932
65858,41.6885047,-86.8126365,27595385
65860,32.9159044,-96.4330078,4880483599
65862,38.028236,-79.135948,208281476
65866,41.8235332,-75.6806581,95242165
65868,35.8450788,-80.8591241,171578409
65873,36.937499,-80.996887,220598406
65880,39.1803952,-89.6778977,236638469
65883,38.1669332,-87.5576554,181875837
65885,33.3468558,-96.5861933,150157814
65915,46.852361,-96.911887,75242292
65974,43.2923299,-84.5820961,184356871
65983,36.0773583,-76.609109,170042758
65989,35.0347461,-107.4773417,616048373
66015,28.0411252,-99.3502074,226613286
66016,38.3720302,-82.6899966,162155838
66017,29.751939,-81.3483021,100127362
66021,37.982136,-85.6994507,162338779
66022,33.4611733,-112.2893381,5132906196
66023,40.6931069,-95.7859898,159761647
66024,36.949779,-80.883999,220393883
66026,39.1291317,-88.5657755,234328822
66029,30.247831,-92.19031,114672342
66030,41.692223,-93.184354,160062707
66034,39.9101108,-88.8938614,46560329
66035,43.00346,-89.2065044,53633290
66036,33.5584599,-86.8301435,56464242
66037,33.812582,-93.421029,117936477
66038,43.441475,-112.117819,127203509
66039,32.39043,-91.196296,115769511
66040,35.1980542,-113.913802,1698679141
66041,45.6731382,-120.8305277,430620930
66042,41.1705706,-79.094632,107068639
66044,27.9548259,-82.41837,97843980
66045,39.6474523,-83.5441986,1717472846
66050,41.2557944,-81.6311225,230018614
66054,41.1039056,-104.8507063,500964718
66055,42.4626604,-92.7766988,389281750
66056,35.984654,-85.0167115,202149773
66057,42.4862315,-88.9949603,258486761
66059,35.96861,-83.2504838,1692232319
66061,41.0339078,-77.5099249,106447921
66062,43.5972289,-96.7709728,80640974
66065,36.973146,-84.111425,165554680
66070,40.6712085,-75.1306288,3249263603
66072,30.5053584,-99.7707699,151643504
66073,37.0162565,-88.5973273,166262134
66075,34.4987985,-81.8467326,113357166
66093,43.8832006,-92.4939213,393100486
66099,40.7325381,-74.1244979,1050766023
66100,32.8679912,-80.004484,318698850
66106,38.2881919,-112.6504436,286496962
66109,30.5791452,-92.0495221,123744483
66113,40.7723293,-74.061283,746243097
66114,39.726448,-94.788756,189117022
66115,41.1758337,-80.5704071,200036252
66116,41.7826669,-75.684096,356817187
66119,38.7575001,-90.0723375,236350194
66120,36.0098505,-83.5256257,1693316346
66121,39.6194098,-86.0742913,459663081
66122,39.792037,-88.2643928,295680311
66123,41.4001072,-89.4633522,233904624
66125,39.9514986,-89.5574533,554150539
66126,32.4466715,-93.9767747,114875538
66131,40.5233011,-74.3476765,250882088
66133,28.1571958,-81.8060641,100023402
66134,30.502291,-87.2655333,97079645
66135,30.4678043,-87.2270468,984921909
66137,30.251464,-89.762245,123920022
66138,33.2108658,-84.0634879,339926340
66139,38.96276,-78.439961,219053331
66152,39.5546937,-86.0441787,180146208
66155,30.4421339,-97.6680815,152380721
66172,27.6000856,-99.4960912,9688923151
66173,29.6970525,-97.0966292,150741770
66174,30.5053584,-99.7707699,151643504
66176,34.9971432,-78.1341925,170493155
66177,35.2974714,-79.7286162,634261959
66182,32.5526556,-84.9624781,71652938
66184,43.0583187,-77.642239,212606048
66185,31.4469993,-96.0723216,473189667
66195,42.3230344,-71.7152926,71570761
66196,32.1915136,-96.9014287,82147326
66198,33.6043133,-81.8492889,109332698
66221,42.795758,-88.383711,232640270
66224,42.1753428,-88.6108871,6872447149
66225,41.5497051,-89.0603576,655378119
66227,38.3084723,-88.9498932,391305670
66229,35.6584219,-81.9620076,539651491
66230,39.3649673,-101.050919,122999910
66235,37.839788,-84.324974,166458721
66236,40.821901,-98.002659,1658633072
66237,35.0354615,-106.932094,141022518
66238,42.9076694,-74.5661272,29746095
66244,28.3421136,-98.0301985,226767437
66248,43.660657,-70.2735536,101314511
66257,41.6718797,-107.9863565,158234596
66258,43.6171147,-71.6440922,194169797
66259,31.1269427,-97.3360189,149229580
66261,35.2745141,-78.6147419,171120016
66267,41.147677,-87.266021,180025185
66272,35.9203601,-79.9394625,171085318
66273,33.9967369,-86.0878773,55473965
66274,41.1008542,-114.9623327,138355162
66284,44.7985233,-73.0674682,204536573
66285,33.6173621,-84.2973656,1927233783
66286,35.9076272,-84.1389495,472254459
66290,44.9437491,-90.4397506,147102899
66292,33.6893131,-85.1934425,70074303
66293,34.9743139,-85.4192891,68094954
66294,42.7239513,-84.5123199,184515865
66295,42.8782205,-87.9371633,262850058
66300,35.3947241,-89.4081411,457621918
66310,40.1668629,-79.7368044,109326374
66313,36.756371,-89.537784,191915482
66314,41.9564744,-83.6720316,185318734
66315,41.658346,-86.8942685,410649716
66318,37.83262,-92.101549,192550856
66320,43.0017748,-83.0626498,184893153
66322,38.1508266,-88.9131794,234857108
66323,46.8747323,-113.8906033,44705703
66328,32.4964335,-82.9748947,70840234
66329,35.1087545,-81.6063543,1831592748
66332,32.42307,-96.6587701,82231304
66334,37.075482,-88.1282343,1756319550
66337,44.3507501,-106.6859249,157521744
66338,33.1719349,-94.9928553,228815051
66342,32.0926295,-83.7632879,68257971
66346,40.0502223,-86.8162171,180620511
66349,34.7451818,-92.3440048,1638203444
66352,44.0937268,-88.5477851,2031046295
66353,37.7067029,-89.8892084,192147413
66355,35.133974,-82.102406,114157706
66357,41.3678113,-89.0034227,235216495
66362,34.229994,-79.7988897,112536096
66368,42.96673,-76.856261,213274129
66369,39.8797241,-86.4685203,179811979
66371,31.3640799,-92.5944589,533888325
66372,31.0436228,-97.4684309,149118864
66376,35.804249,-90.628578,116762796
66377,32.6330497,-97.3216749,82720823
66382,40.572692,-93.939794,190657150
66385,32.5718244,-93.207571,124305184
66388,32.1945025,-83.7474525,68258105
66393,40.1265262,-87.7834187,962151367
66396,30.9336222,-90.524257,1529782368
66399,33.5464342,-86.7829618,56258654
66400,33.623047,-114.4379914,174746294
66404,32.8795643,-96.6892124,9789858431
66405,43.4471313,-83.8906889,185877243
66406,36.602901,-77.564116,214543622
66424,33.4627158,-112.161999,258430029
66425,30.448514,-88.930293,125107451
66437,36.1062408,-83.3386231,13099126785
66447,41.1160529,-88.4202921,481303348
66449,35.9243121,-89.8742305,450206481
66460,30.2572282,-92.0210584,115580578
66465,38.3920342,-89.3769382,1436022450
66470,32.4862294,-86.4068055,55327405
66472,31.080659,-87.538767,55485798
66474,43.10632,-76.151096,212735079
66480,37.196759,-85.938058,164276542
66487,41.7898448,-87.8243743,348206735
66495,30.2157151,-93.3627347,114868585
66496,30.6169193,-86.9686026,100474309
66502,30.2468084,-92.6593994,115504806
66504,29.8396925,-94.6358436,223007924
66509,40.698836,-84.0932239,196086024
66512,42.000927,-83.3184107,185312899
66513,44.247119,-84.232174,185638290
66514,30.9861371,-83.3860583,6394900298
66516,31.129919,-83.4365598,1448238601
66517,46.4574497,-84.3833618,184025319
66523,31.4200326,-83.5065924,72830146
66525,41.813516,-83.447023,185370752
66529,36.122344,-80.8136518,1833750865
66531,40.4857271,-76.2469816,473224052
66532,40.6384178,-74.8945632,130138443
66534,38.9359422,-92.7710586,189933264
66537,41.4318241,-90.1603023,234802139
66538,41.438086,-95.61744,160731610
66547,39.260767,-78.099073,211093713
66553,44.7783138,-117.8099854,765378912
66560,34.525738,-82.847003,109507524
66562,34.5050925,-82.9675694,390997145
66565,42.120616,-79.245894,211607046
66573,37.7925977,-97.3278664,122138164
66582,38.9536357,-112.3479815,419741751
66584,36.5053628,-114.7558757,137054181
66588,43.6916911,-98.0397217,79281789
66595,42.151256,-71.856461,70280781
66601,40.5582015,-85.5511112,179644706
66603,43.6086663,-96.5770225,462158147
66604,41.6885047,-86.8126365,27595385
66606,43.1637438,-72.4628865,204957271
66607,42.9116352,-71.3679477,194892196
66612,44.388518,-91.0059673,271411993
66613,30.178116,-93.583746,114877665
66614,42.3355711,-83.1293178,2416450500
66615,43.0488218,-88.2136584,232910264
66622,40.7596167,-74.0812879,297909641
66624,39.9843374,-75.0961715,109895360
66625,44.1042845,-69.866358,616547237
66628,32.2731932,-81.0804526,113008107
66643,36.088083,-89.797724,192143636
66645,32.4666362,-99.9802779,57654434
66648,33.429723,-86.953502,56452766
66664,42.241758,-91.886716,159030546
66667,41.9290639,-89.0238773,655427115
66678,35.5084858,-108.8282804,610488018
66680,32.432156,-91.424772,115830742
66689,32.4317403,-100.5501495,387222544
66693,35.1123568,-103.3247586,616388748
66705,33.9091535,-98.5018129,452344090
66709,34.9743139,-85.4192891,68094954
66715,40.1652945,-104.9796316,55739414
66717,42.0678116,-104.9655924,482776253
66718,40.8034414,-89.6202092,1359941494
66721,30.4213964,-92.0553758,123731094
66728,36.959571,-81.062194,220560998
66734,33.6302477,-84.3007055,67424178
66742,39.6852382,-75.478766,105208727
66746,34.6154745,-92.5048098,451766227
66747,42.4518187,-88.9947349,837270024
66756,41.025832,-93.794482,159361794
66762,32.313489,-96.6001862,1871740016
66767,34.2876624,-88.6832424,276924305
66769,30.7960477,-81.6603382,706868645
66771,26.33256,-98.1455294,1201225701
66774,41.59189,-84.043359,42113663
66778,35.7562602,-96.6687426,454635735
66780,31.420688,-87.004662,54046573
66786,34.8038509,-91.892571,117599919
66787,31.3572706,-89.3459035,300739332
66788,35.6023621,-84.5134975,203143455
66793,32.8943555,-79.9876405,411289085
66795,43.6652057,-97.5943906,484795142
66799,30.4491433,-82.9334988,444985318
66801,30.5198519,-83.0613841,444985264
66804,41.6101195,-109.2230428,485849573
66807,32.8570522,-96.8884773,3654890702
66812,40.7700653,-87.1225258,180022414
66816,44.597002,-69.613063,102310622
66819,41.8188164,-89.4723636,235338408
66820,30.296506,-91.911556,123755021
66834,40.9066219,-89.0565103,658551691
66843,31.6711458,-106.2503795,1588414592
66847,33.6050513,-85.8355377,52348395
66848,34.6160839,-89.9500055,282395287
66854,40.5634146,-84.1701657,196372284
66856,45.3682129,-93.9789242,492168441
66858,33.2747149,-111.9628266,317497634
66863,35.7539031,-88.5167055,471722225
66867,42.0449663,-90.6660612,605214926
66870,41.4131287,-84.1110403,63105977
66878,45.8119263,-108.4191945,419210551
66879,35.221631,-92.833423,116720848
66888,42.5687015,-113.734011,130854272
66892,42.2822664,-84.9348154,183803086
66897,32.198253,-86.416234,56981577
66898,37.308342,-77.395814,209488940
66899,35.0018667,-80.9737778,114444992
66900,34.050534,-86.866462,55014804
66906,32.6313243,-96.6989048,4375383904
66908,36.937499,-80.996887,220598406
66911,32.4136528,-88.5034529,343967761
66912,37.7247044,-113.0558211,340326432
66914,35.581869,-78.1418693,413758474
66915,36.949779,-80.883999,220393883
66918,41.0336631,-89.0565379,528518818
66920,35.241821,-80.934007,172147216
66921,31.9577482,-81.3312262,1685417798
66922,31.820305,-102.3754671,6603859235
66923,34.2298926,-83.4996875,457717826
66925,34.8614612,-81.0056315,114450280
66928,27.6902769,-99.4598129,344993316
66929,38.5861741,-90.1021696,237006417
66931,42.174271,-91.784875,160282975
66937,37.9781988,-91.722212,192197522
66941,33.0322994,-96.1891088,13895052114
66942,41.4917522,-112.0536601,433563296
66944,29.3363606,-81.1309892,101036728
66945,37.5035138,-77.0788425,448150229
66948,43.115593,-76.138301,212721065
66953,38.4874631,-85.7716953,178999367
66955,32.6899207,-114.5869427,320728806
66956,36.999483,-88.327766,166700383
66959,32.3491621,-88.7220213,343514261
66961,28.0800502,-81.9769776,359231705
66962,39.5822757,-85.8195324,181639269
66963,43.9387669,-90.7683364,258489509
66972,47.5944389,-117.5615171,50912300
66987,33.511994,-82.497945,71173240
66995,42.376403,-77.35868,120106797
66997,32.5810693,-93.2513931,124265240
67008,38.7279552,-89.913683,236325809
67009,43.1421717,-93.3557462,392922625
67030,43.655569,-93.32019,186923010
67034,41.1767732,-83.6495442,454157350
67039,38.5486626,-90.4270063,9089758432
67041,44.6017901,-69.5991484,102317537
67044,33.6303672,-113.7614539,174836552
67047,43.6916457,-98.0177918,79281584
67051,38.4849918,-90.7560383,190415674
67053,27.6902769,-99.4598129,344993316
67054,40.7658591,-111.9348698,360516067
67057,42.4927643,-73.6828703,41751165
67058,39.9101108,-88.8938614,46560329
67063,29.6771759,-98.150733,150131277
67064,35.5292415,-98.3474193,144793550
67065,32.4444816,-93.9545906,114862074
67066,41.6827735,-93.0077279,160063593
67067,40.0728027,-104.6482133,55733079
67069,39.2734766,-103.7015541,177451684
67070,36.1681036,-86.86932,202200988
67071,38.8004938,-90.0445491,4959152526
67073,40.9587997,-80.1362159,721676271
67081,33.155434,-84.8713657,73000752
67082,39.6304715,-77.7736317,616938680
67085,41.1013042,-74.1691652,65643178
67087,34.4452418,-77.8756596,445994196
67088,34.2402865,-81.4651041,113633302
67106,37.1960259,-77.3215361,217993098
67113,43.343895,-89.038719,53842188
67115,35.0486476,-85.6262937,203088926
67120,30.3787916,-83.2927677,298771072
67121,42.385194,-75.180473,213176628
67122,35.53596,-94.2324066,473890605
67126,35.6778608,-88.7875856,203018757
67127,34.362856,-86.891239,58993136
67129,39.3645477,-101.0405605,122997104
67130,41.4542033,-88.1956039,29411390
67137,40.9290591,-117.803508,138902173
67141,41.6956539,-92.7335963,160771421
67150,42.0060982,-93.5923847,161106204
67151,41.5112331,-93.107083,160014657
67155,38.9717025,-89.1287811,234396649
67158,39.4964023,-119.7842006,140181144
67160,38.7604432,-81.6963844,944765405
67162,41.695478,-92.357325,160770035
67163,40.5164307,-76.1080605,473220737
67164,39.257835,-112.109717,419798254
67165,40.0209836,-79.0824934,148780506
67167,44.0484089,-116.9758473,766013002
67168,38.9497861,-99.5556659,120025619
67170,30.3962463,-83.3613223,298801838
67174,43.038558,-92.679638,159649888
67220,42.973044,-89.521442,53334675
67221,43.9936625,-88.5826907,472637075
67223,45.4780315,-91.7602161,269946645
67242,36.27627,-80.8237906,173424051
67248,35.7164712,-78.5838283,195401765
67255,31.1921981,-90.4844974,1531350915
67262,33.5914306,-86.157969,63879824
67269,41.2328217,-75.5030184,286305058
67274,42.4655281,-91.4734936,1772806629
67279,39.4529277,-85.6289576,179154612
67282,39.9122873,-77.6452512,1593692023
67283,36.17943,-85.9509426,203660122
67284,41.1060898,-100.7313895,135022969
67285,42.6689178,-93.4587793,159667121
67292,33.9314472,-86.1964402,61396529
67294,44.978221,-73.455759,211848306
67296,36.0773968,-115.0405953,1435115493
67302,43.6662903,-94.7262779,482812873
67303,42.6686527,-96.6681219,380545523
67304,43.4105438,-95.7173359,496711156
67305,32.4479463,-93.9847841,114877221
67312,37.2373299,-89.5667352,193183322
67321,34.3464447,-89.914393,282396349
67322,34.3138833,-88.7835333,276927532
67325,31.420688,-87.004662,54046573
67329,34.5050925,-82.9675694,390997145
67331,33.281826,-87.092862,64211234
67335,35.4931061,-86.0767088,7412944608
67336,28.5192944,-98.1790793,310825704
67337,42.8782205,-87.9371633,262850058
67341,42.0707392,-91.3264203,160158488
67342,37.2309917,-80.239319,613340519
67344,34.050534,-86.866462,55014804
67345,33.9314472,-86.1964402,61396529
67356,42.1181817,-72.6094566,70194798
67357,46.836757,-96.8405554,75137152
67359,43.1558378,-112.3889303,126725075
67360,31.391016,-81.4499841,71244641
67362,35.1708986,-103.1085861,471571347
67364,43.0488218,-88.2136584,232910264
67366,42.95504,-88.105196,232917568
67368,43.529156,-89.490357,53837526
67369,42.6106186,-87.9520443,231277322
67371,33.828354,-93.398748,117936932
67393,33.436149,-112.5832921,312681916
67395,41.644905,-91.113215,159285455
67401,32.6313243,-96.6989048,4375383904
67405,41.1579537,-104.3431165,157407777
67406,40.3642181,-78.4340602,479696029
67411,38.3338597,-104.6183894,5499204041
67414,45.8553879,-95.4231752,501218060
67418,41.4822681,-91.550847,411888577
67419,34.1236434,-84.7407722,330753361
67422,41.693991,-91.672657,160081717
67423,35.3765546,-97.0483634,1743359365
67424,26.084043,-80.1930438,495307323
67425,35.3196252,-91.5561797,474803556
67428,40.5918145,-74.2357196,288985413
67429,40.3473952,-74.4743344,1032597244
67434,39.750438,-94.219843,190191064
67436,40.058077,-77.480912,111300296
67437,43.0390212,-71.3021863,4309177060
67438,29.2630798,-82.1915754,447888634
67440,39.5404323,-79.9882211,703646039
67443,35.2310478,-85.8226833,203072623
67612,46.9497909,-114.1282475,517519891
67613,42.4645794,-92.4382434,159004679
67616,44.2924288,-88.4654333,30088528
67617,36.3460093,-86.9271084,303454672
67620,34.7090149,-97.2474566,1022880658
67621,47.4753479,-111.3565829,314363329
67622,46.6090712,-122.9102438,48828504
67623,47.710044,-116.996363,129647187
67625,30.7542321,-85.3751476,446143790
67627,28.8557825,-82.0899709,7061416624
67628,41.147677,-87.266021,180025185
67629,45.21823,-93.595996,7093853661
67636,38.577238,-95.2624007,514079890
67652,39.1465393,-94.6608785,5285495920
67655,30.22558,-89.779716,123855695
67666,35.5903586,-97.4355166,147496185
67676,34.265373,-92.105223,117395169
67683,40.845946,-99.9909675,133865628
67684,42.1837449,-93.5705752,161092021
67685,41.8954249,-91.6714192,160292637
67686,38.1476576,-97.4211436,120518330
67695,38.184276,-83.549501,168073334
67697,34.0716849,-79.9470692,1808382563
67699,32.5639289,-92.9130195,470378766
67701,46.8738616,-97.2155934,75139047
67707,40.6243761,-74.2158552,1032740641
67712,44.3166955,-96.758652,512562955
67715,35.3918748,-99.3995295,144679664
67720,34.194708,-80.280993,113402574
67724,37.2722776,-93.110533,190583139
67726,35.6071754,-77.4383191,7003631832
67742,31.9849949,-102.0357396,227154271
67745,26.2271996,-98.3583062,151468243
67755,32.8769888,-79.9285468,921240681
67757,32.3946953,-88.5828522,125585263
67772,31.60186,-90.4663802,280667337
67777,30.4088663,-81.6572963,96570576
67782,35.5687561,-82.9551338,276830830
67787,31.9094201,-102.2192774,227128153
67791,36.5059224,-82.4362021,1705569345
67793,41.041654,-93.790605,159362797
67794,39.7184273,-89.644063,989510084
67795,41.3767942,-88.7841835,940882819
67801,39.2950519,-84.4727619,248111538
67813,40.341101,-88.7706,261229796
67815,39.6154879,-86.4739904,179819703
67818,34.666179,-92.391664,118906784
67822,34.8542464,-82.3801627,112658717
67823,35.6735794,-90.5526046,476606602
67847,42.4655281,-91.4734936,1772806629
67848,32.983043,-86.690401,52548764
67850,37.933965,-79.226877,218752483
67855,38.009979,-84.204541,162987239
67860,34.0751986,-89.8926399,282630687
67862,39.853386,-85.420445,179823831
67865,25.9222382,-80.2103814,470508316
67866,32.5810693,-93.2513931,124265240
67874,40.2062982,-76.8747541,32963465
67875,35.0709229,-91.913326,474747937
67892,35.3633373,-90.2796277,445847389
67908,37.9605484,-104.7971135,457019036
67917,30.8997853,-102.9125093,870444471
67918,40.9273261,-75.0889137,162001985
67922,32.5915043,-93.3330726,124285458
67923,42.1069264,-89.0231146,236760708
67924,43.6437284,-95.9279426,187577490
67935,30.5733824,-87.0271369,100470706
67938,41.6821404,-112.1460571,429235163
67939,41.0227201,-76.3150419,32846638
67941,35.4779864,-95.3020212,147139599
67943,39.9780528,-86.3914167,922123377
67949,34.6766062,-82.5329891,109512811
67952,26.9402304,-82.0190734,96114466
67965,31.207078,-87.307441,55459829
67974,30.2159983,-93.3299984,114868452
67977,42.2326352,-96.2427406,161545820
67997,32.657112,-83.7440541,71881318
68005,41.5519337,-73.0441319,178518099
68009,34.5182894,-93.036555,117076729
68016,33.4627158,-112.161999,258430029
68020,30.2589933,-82.1230761,299277449
68026,41.1139154,-87.835367,235091514
68030,33.4479771,-81.9351766,554854835
68033,33.4029222,-82.0164238,3871564327
68053,43.524539,-112.027986,127284465
68076,30.2437458,-92.6350707,1920392439
68080,30.9470164,-92.2717721,674847828
68091,43.020258,-71.370295,4309333394
68095,42.8111311,-83.5683573,61881589
68100,43.0212113,-85.6685272,184704365
68107,45.8519542,-92.9736329,810907402
68112,44.851967,-93.150382,186715754
68116,45.0081896,-93.2037294,187882386
68129,39.7107684,-94.7885603,5302793556
68140,36.888792,-104.4296284,626308670
68154,41.0767702,-87.8687132,443816506
68155,40.956171,-77.7673989,105978285
68156,39.9854126,-75.0936307,787090453
68169,39.5956138,-119.8324832,140103153
68177,41.0227201,-76.3150419,32846638
68178,32.2665251,-90.1301035,340103868
68180,40.9396543,-76.0231719,155290343
68188,41.8235332,-75.6806581,95242165
68211,35.19249,-101.783667,227805525
68212,35.006368,-82.025383,114172892
68213,33.0322994,-96.1891088,13895052114
68215,29.8755484,-94.3372522,225927368
68234,36.9452372,-80.9516512,220299139
68235,44.955665,-72.1498349,204721723
68236,28.6722236,-99.1841116,297832468
68243,47.2388224,-122.4125142,9888872995
68253,31.5735078,-102.8973474,229200237
68257,41.1160529,-88.4202921,481303348
68260,32.421205,-97.2294783,313253547
68266,40.7555621,-88.0067946,234818507
68268,33.436149,-112.5832921,312681916
68294,40.9220455,-90.3013071,235160698
68298,41.5699667,-87.3977211,761880817
68307,43.6389673,-96.2187248,187963311
68308,43.0860413,-88.7729572,231193636
68315,35.3835415,-96.6763659,148100930
68316,34.894383,-85.0786108,66929093
68318,30.4485387,-91.249714,480399028
68323,29.4964966,-98.1984346,149496869
68328,36.6926639,-97.3457313,964046457
68330,47.0824253,-119.8646575,428643281
68332,36.0936078,-80.0012002,171091103
68335,35.1504782,-84.9504453,201762877
68339,29.9787093,-98.9000933,1082993852
68348,35.0254407,-81.8805493,441940702
68349,42.7695552,-96.2094336,405114181
68359,33.7960346,-87.2448261,64549686
68360,39.9133651,-75.1484519,109748655
68364,44.7985233,-73.0674682,204536573
68367,32.0007469,-106.5829107,376338503
68370,41.889668,-71.4395884,201172569
68375,38.482543,-78.810136,218587264
68394,41.2342212,-112.0137771,303688524
68403,39.868976,-76.6995099,796645228
68405,31.4469993,-96.0723216,473189667
68417,32.4592271,-94.6724136,225073761
68419,29.0508119,-99.0184349,224285466
68423,40.1829864,-118.4681701,139754418
68424,32.6060902,-98.1156657,236353169
68434,34.3950484,-92.8305944,453205796
68440,35.1919837,-90.008374,630087185
68458,43.0560123,-85.9563856,185742094
68465,30.4491433,-82.9334988,444985318
68469,35.0881181,-92.4189367,117054329
68476,31.080659,-87.538767,55485798
68493,30.4746106,-83.8841404,298720570
68494,36.747772,-78.096013,216270815
68497,42.9129242,-112.4621935,126385668
68522,40.6315582,-89.6182137,1413988069
68531,42.231834,-91.872658,159001997
68559,40.2622946,-94.0126932,190661402
68581,46.3489671,-120.1825725,51664469
68593,32.6060902,-98.1156657,236353169
68621,36.670232,-80.70858,209056903
68622,38.7004699,-80.6652472,705819387
68623,41.0690401,-84.9898773,178810080
68624,30.443671,-88.524519,125328648
68625,44.9601613,-92.5662769,597473293
68642,36.0936078,-80.0012002,171091103
68643,35.1296708,-78.7475479,170223028
68650,39.1817801,-84.48472,385017433
68653,43.7901395,-87.7640885,476034744
68659,44.0271183,-92.488019,393105372
68665,44.2219373,-103.3744757,80480855
68684,29.6820942,-90.818215,124048970
68685,39.134654,-94.5678134,440361395
68689,30.247705,-92.7437161,115505862
68697,27.6000856,-99.4960912,9688923151
68698,41.5527775,-87.8619097,940942309
68702,35.0843984,-81.7028474,1831592579
68708,41.5999819,-90.610992,160941168
68734,43.441475,-112.117819,127203509
68737,44.5490608,-89.5788848,4150224651
68796,39.853386,-85.420445,179823831
68799,32.3112574,-89.6626278,131922003
68803,31.0888235,-95.9596733,226818062
68813,42.8014404,-84.7453843,184074551
68814,34.9067013,-110.2055772,1740602914
68815,29.1875047,-98.8392389,227048737
68822,38.426857,-95.854354,119690223
68825,41.2341486,-73.031094,178524464
68840,32.4495112,-100.438119,227445669
68841,30.7536337,-81.6510463,66716454
68844,30.9072049,-102.8790137,1049460830
68845,36.602901,-77.564116,214543622
68848,31.4670431,-97.1669871,1475052511
68856,35.458011,-95.533886,146673990
68860,28.9040629,-99.1128639,224316876
68864,39.9580133,-84.1893129,198731059
68865,39.2946316,-84.4625665,5159275259
68873,41.4050717,-75.4984439,207714869
68874,33.436149,-112.5832921,312681916
68875,36.084323,-80.06947,170671867
68885,28.4469967,-99.2439517,297392461
68888,41.4052257,-89.908507,234807332
68890,34.807875,-92.360864,118473871
68893,42.8788882,-85.3655966,184740934
68894,43.1220697,-85.604732,184749850
68895,42.847758,-85.8685019,185747781
68897,36.3796518,-84.2474564,1843341406
68901,39.3553485,-84.2654059,200284120
68907,32.4587936,-96.8441204,82146370
68908,40.0535173,-82.9023227,229606904
68912,34.7360035,-97.2600756,145742086
68913,43.6377788,-95.5980532,187593279
68916,32.4597238,-99.8603813,57687820
68924,42.730616,-88.9996622,454407718
68925,45.2858552,-93.0029286,1445246349
68928,35.0083245,-106.0488162,1909519275
68929,36.0077615,-80.0240696,171095223
68930,32.2731932,-81.0804526,113008107
68941,42.5060712,-71.1211711,73449612
68946,39.8974715,-84.1877697,198859313
68947,32.1288472,-110.881093,3421434562
68959,39.93294,-83.616154,196778977
68960,41.2342212,-112.0137771,303688524
68969,40.7646173,-111.9712097,83510670
68971,31.8683528,-102.2984484,224075469
68978,43.5992618,-116.5583474,127773831
68979,34.9155477,-110.1488731,174998558
68985,40.4697321,-93.97622,190655065
68990,35.0329833,-85.5890402,203077042
68991,47.1139148,-118.3712352,428213897
68995,41.0713887,-73.4823676,316727062
68996,43.441475,-112.117819,127203509
69005,40.0336196,-81.4427421,229692212
69006,40.061511,-81.04871,196632678
69014,43.0328913,-87.9650965,196636075
69015,35.0595492,-85.130522,202559342
69016,36.923813,-84.128373,168877098
69028,39.7367325,-84.2048986,410404095
69029,38.6837934,-90.22273,318874549
69030,33.9293638,-81.2858123,113404718
69031,31.3997651,-103.4865119,228097712
69043,44.9148534,-89.6533431,147005014
69045,31.1431849,-81.5716421,1596506976
69046,43.1401238,-86.1590519,185446630
69048,39.7350429,-86.2647105,180375428
69049,34.730698,-92.17314,118534015
69051,38.5510281,-89.8013674,237008230
69059,33.5784901,-86.472756,61407942
69067,40.6887999,-84.1211989,196034502
69073,40.1576703,-111.6465546,431052804
69077,28.3421136,-98.0301985,226767437
69078,32.2670815,-101.4696312,386285937
69085,41.1151917,-101.7093332,134829121
69095,39.6251579,-119.9096726,140044184
69099,30.2476091,-92.1954545,114668349
69101,33.5784901,-86.472756,61407942
69102,40.312933,-88.1842238,37958708
69106,34.750331,-82.295601,112679657
69109,40.2639362,-78.4557538,108786156
69112,41.2905881,-89.0823462,528519418
69115,43.6091237,-96.9436311,80643250
69119,35.3203274,-106.5323981,490423105
69124,27.4418895,-80.3914123,503986054
69125,41.696225,-92.43831,160769799
69127,30.7227487,-90.5326537,1530630474
69128,44.3313277,-84.8071302,185871829
69134,35.3946696,-97.2696284,6804428761
69135,39.845523,-84.4287805,425443410
69137,31.6047732,-97.1064175,9888640020
69142,39.1137835,-108.6388049,176140286
69145,38.7604432,-81.6963844,944765405
69149,35.1475871,-90.0222407,459074922
69150,39.6654888,-86.3768885,179808396
69151,39.1137835,-108.6388049,176140286
69152,35.2243094,-91.7145314,474789987
69153,34.115784,-86.866254,55014607
69155,36.6926639,-97.3457313,964046457
69156,35.061438,-90.0200027,203626032
69163,43.5930424,-96.6910729,80641312
69169,39.792037,-88.2643928,295680311
69172,44.8312257,-91.4531582,270612987
69177,41.498737,-95.444336,160723589
69178,26.7183513,-81.8145706,98015058
69182,42.901222,-73.784655,41862865
69183,39.621777,-83.604056,197357389
69188,45.7668272,-111.1806617,40694576
69189,30.8960624,-102.8533257,870542640
69190,30.7327,-86.3455983,101075181
69200,40.1604027,-89.4174669,235393094
69207,30.4887336,-84.1639922,98432331
69211,45.4003162,-92.9949909,186538005
69214,39.525247,-107.7739841,177001308
69217,41.0332402,-81.8607581,298314179
69218,42.230906,-77.188622,120254844
69220,27.5850153,-82.5458334,98707942
69221,41.3857791,-88.4272587,234606767
69228,32.6996446,-96.2696622,226097676
69229,35.6808389,-88.7454231,203028503
69237,42.909885,-88.221105,232810578
69238,43.7565595,-88.4722589,311927674
69250,40.7062601,-104.9967919,50910092
69258,28.9908413,-98.431023,311547872
69288,41.819945,-90.568475,159396366
69289,46.7609372,-92.1269284,8988065833
69290,43.7565595,-88.4722589,311927674
69291,38.9323579,-111.8619871,292057382
69294,43.9387669,-90.7683364,258489509
69296,46.6994761,-92.4263041,810265411
69297,45.181931,-89.646756,231470417
69305,38.235722,-88.010582,237397579
69306,30.515877,-83.0550014,444985272
69309,40.9590341,-91.5192317,624518198
69310,30.5053584,-99.7707699,151643504
69313,47.4865315,-122.26718,255012464
69314,41.7964428,-87.8085687,271576879
69315,39.4225986,-87.6864379,1482854659
69322,29.8272118,-94.3961921,223019836
69324,46.1381392,-67.8454452,393298785
69330,44.4831076,-87.9413405,230526629
69333,42.6714091,-85.6612859,183452555
69336,36.185116,-86.4014666,204115369
69339,39.4355291,-84.3384809,200306029
69341,29.332819,-98.4107733,149501269
69342,41.5740539,-87.4693686,761880553
69345,40.2153106,-76.7837636,1124840188
69353,40.3739895,-80.1042161,716313823
69384,44.2981319,-88.2767711,232003525
69390,40.7555621,-88.0067946,234818507
69392,39.9929363,-85.8358145,180346435
69394,40.0300639,-84.2312304,430023289
69396,35.984654,-85.0167115,202149773
69397,35.6778608,-88.7875856,203018757
69398,35.0771329,-85.2009187,202552970
69399,35.4691438,-84.645901,202926501
69401,41.2208619,-95.8325567,160759408
69402,40.4941459,-82.7220732,198967420
69405,32.374774,-98.999105,390910637
69410,44.1177897,-103.0498834,80831235
69413,35.5002801,-98.9691346,145300194
69421,31.7659573,-106.4828421,179221490
69425,32.2711063,-107.7539843,447140964
69438,36.8770676,-94.4310192,191941332
69439,38.3738216,-97.6207903,121182425
69441,32.4004361,-99.3801381,390072488
69454,39.3046081,-85.9628179,178842277
69455,43.1133954,-88.057313,462277538
69458,42.4408514,-90.8433436,392015055
69459,38.5316272,-89.7256836,237000596
69462,30.8510948,-89.4963569,126077922
69469,34.890376,-82.165286,114445536
69471,27.8035412,-97.4490502,227459369
69474,32.409061,-85.955479,57012782
69483,35.806847,-90.642815,116776569
69487,29.6019542,-98.2744061,151137035
69496,39.840805,-85.553719,179888297
69500,31.790207,-102.4728699,224066526
69505,42.8553316,-88.3164798,232814316
69506,42.8976232,-87.9362133,373477917
69514,31.9849949,-102.0357396,227154271
69521,42.007739,-93.435983,161061826
69524,43.2914822,-71.5729084,194864272
69527,42.6465651,-84.0728614,61546742
69528,41.8954249,-91.6714192,160292637
69530,29.4430256,-98.4359429,149521595
69531,43.1421717,-93.3557462,392922625
69532,43.6771789,-116.6869704,127748126
69542,41.6673022,-87.6628609,938138760
69545,32.1915136,-96.9014287,82147326
69546,46.0137681,-92.9307387,810792892
69549,44.874455,-93.0357063,186790273
69550,46.7362622,-92.171585,601112290
69554,39.820802,-85.776701,179741712
69559,43.8741872,-93.2771607,188217424
69560,35.0675401,-106.7831456,141064819
69561,35.9076272,-84.1389495,472254459
69562,42.6944957,-84.5032823,184519081
69563,37.967861,-84.388819,163416725
69564,36.1370606,-85.6323383,1118314091
69565,42.7476292,-86.0664089,3690481056
69566,41.5117342,-88.0815584,385095251
69567,46.4398987,-92.7431984,186409530
69573,39.5773981,-77.8811534,693965352
69574,44.9048875,-91.8609065,230842009
69575,39.6733874,-78.7275981,182199850
69581,43.051745,-76.146997,212728965
69585,38.384329,-84.573433,168176972
69587,39.4838986,-88.3219607,1191951184
69588,32.7975821,-96.6850238,81552023
69591,26.336713,-81.7514407,98021805
69592,39.7376145,-86.0431336,180874253
69612,28.0411252,-99.3502074,226613286
69616,39.4125183,-84.1568312,200294557
69629,44.9200749,-73.1062721,204509583
69633,31.5960271,-106.1903019,179567122
69636,41.3399778,-88.1914051,481285263
69646,33.6645856,-114.2060318,174868921
69648,40.9971931,-82.0006657,33085307
69649,41.2015638,-79.9804246,795341478
69653,39.2943478,-102.2742705,177294183
69658,41.5551343,-95.9174791,159832207
69659,34.9192218,-80.979525,114459206
69668,36.8724903,-89.5331955,193178484
69669,31.9510164,-102.1392109,227135532
69674,36.1639347,-84.0787094,1843340902
69676,34.1118454,-84.228748,315530684
69682,36.3796518,-84.2474564,1843341406
69683,41.8011444,-87.7942747,271576551
69684,44.891206,-89.505066,147008952
69693,41.1310381,-111.9098469,82961497
69695,40.4872393,-111.8958768,357733056
69699,30.260309,-97.6005198,308859267
69702,36.0098505,-83.5256257,1693316346
69703,27.6025024,-99.4957542,9888804745
69707,32.9475143,-93.8987817,1839509587
69710,41.1129181,-102.9554826,133434871
69711,30.3673995,-81.7608863,96564613
69712,45.8298832,-119.7967717,673773856
69713,31.6014473,-96.1555893,473331082
69719,40.5923353,-78.315889,473365834
69731,37.845251,-94.334609,193788929
69740,36.7588243,-81.8533925,470182846
69741,33.4613348,-112.2802787,322888524
69745,34.9490795,-104.637819,616235725
69750,29.6696028,-98.1612495,150138210
69755,32.8943555,-79.9876405,411289085
69766,40.3981078,-84.161876,454082552
69770,42.087217,-78.625178,211486762
69772,29.3357376,-98.6226861,149509725
69780,41.6969484,-88.0449227,374092585
69783,40.4771438,-76.2922119,27607075
69786,35.8898062,-89.9145266,117807927
69787,38.6352753,-94.3524569,5408529564
69788,38.7919193,-90.4469519,1190084470
69792,37.2154583,-93.3821578,190579380
69799,35.0383675,-110.6916721,1578599688
69803,41.4542033,-88.1956039,29411390
69804,43.04607,-88.261551,232863402
69809,45.2394871,-93.6538724,489811418
69813,40.0179406,-77.5287129,1370601631
69815,46.3974867,-105.8160339,430310682
69817,32.3238043,-89.3358798,1911599641
69821,32.763243,-97.3176741,82405058
69830,40.5584708,-75.994362,27607155
69832,30.417226,-89.187348,125103771
69837,41.5962971,-87.5834737,766962622
69840,41.1414745,-96.1632922,135787675
69842,36.0110143,-96.1140553,449808097
69854,43.392418,-89.466803,53842588
69856,33.9493693,-80.9950253,395286850
69861,37.7301837,-88.9586167,237420721
69870,41.6308399,-83.4820932,63158111
69874,39.6864059,-90.2351671,928664916
69876,42.306058,-93.5694105,159786897
69880,41.9015727,-87.9203553,253432365
69884,34.9689505,-104.7880203,142138495
69895,41.4620447,-88.2785429,234608493
69900,39.8940358,-83.7260479,196789112
69902,46.2641695,-119.1770475,47801366
69905,44.3898673,-88.1607003,230528350
69908,40.9215785,-90.2907547,235160666
69912,33.4619844,-112.1449699,258421232
69914,33.9511774,-80.9862691,114006246
69915,38.094726,-94.348859,188880473
69921,39.256203,-88.148189,234164419
69922,41.5038263,-112.0577831,432855882
69926,36.6926639,-97.3457313,964046457
69927,39.6975361,-77.7369364,103023852
69930,32.983043,-86.690401,52548764
69931,34.6615342,-86.7875607,56942979
69933,33.4745608,-112.1129524,256833096
69935,43.1078863,-88.057927,196620772
69937,43.5002602,-112.053956,8406857715
69939,39.9724616,-111.7757738,84116460
69940,38.620315,-94.3490765,189539775
69941,32.7275529,-97.8086831,6664882239
69944,41.1072429,-80.8813249,198481141
69945,39.7376145,-86.0431336,180874253
69946,43.449225,-93.350048,161424555
69952,35.3122853,-99.6136533,144677772
69954,40.8906362,-74.6982671,104511726
69955,35.4940016,-80.5669563,169622747
69957,32.7161997,-83.7300393,1772206667
69959,35.3840994,-96.8110915,148021179
69960,47.1130946,-104.7415415,40560363
69964,35.771794,-80.8631666,171646396
69976,43.592044,-89.813598,53984199
69979,46.2214887,-119.7827188,313516687
69987,45.7467067,-107.6064012,39100158
69988,43.679243,-87.760333,232401196
69995,32.0837493,-110.8092426,175026888
69999,40.4389973,-78.4268623,474299635
70007,28.3630135,-80.7968845,521960586
70008,29.6970525,-97.0966292,150741770
70011,44.0756289,-92.5058474,393104714
70012,39.7711414,-104.8141294,175848582
70019,42.8674534,-77.7176385,302070147
70024,44.5034838,-88.0820046,230527313
70028,35.633074,-81.295407,169837636
70029,29.990317,-94.205545,225874430
70035,40.4987974,-86.8748921,488521033
70037,39.4494023,-87.1323562,179059697
70040,29.9925743,-97.8713748,6688312107
70041,37.5035138,-77.0788425,448150229
70043,46.6610245,-92.4800768,13114547459
70044,41.5962971,-87.5834737,766962622
70049,41.949433,-91.6711,160286685
70053,43.1075238,-89.5171635,244454458
70067,44.3073039,-90.8373139,471843656
70068,35.2779483,-97.6031604,146562650
70069,38.6486025,-94.3642212,189541410
70087,40.7486832,-74.1760723,103777459
70090,35.8804576,-87.8050223,471837550
70099,33.614375,-97.1497277,13807321971
70100,32.198253,-86.416234,56981577
70104,40.2686601,-103.6355836,177688588
70105,28.663593,-82.1461288,484802444
70106,31.1862746,-97.3117239,6631759756
70107,40.6447015,-82.5477332,199740377
70111,43.2460083,-89.3750158,471777566
70117,39.925196,-77.6366785,1387059447
70126,40.6447015,-82.5477332,199740377
70128,35.6808389,-88.7454231,203028503
70135,37.680613,-92.640763,191266083
70137,39.9125867,-76.7039019,675437624
70142,41.179016,-77.319397,106444172
70143,45.4099795,-94.0531773,188472241
70144,35.53596,-94.2324066,473890605
70146,47.6741546,-117.2249635,50956762
70150,41.046273,-95.8193159,3151963864
70151,32.2889255,-96.5505461,82129212
70158,33.0790417,-80.2025551,510623513
70174,42.987588,-82.9353942,185951812
70179,36.258954,-94.1505117,116093263
70191,34.1762626,-98.5004724,145258846
70192,31.3640799,-92.5944589,533888325
70209,37.336671,-94.292167,190950125
70220,35.8134742,-80.8371217,171581919
70223,42.9780169,-83.7268963,61544590
70227,30.0013428,-82.6008122,447913344
70232,39.4028393,-78.026357,694216200
70236,35.6213595,-105.2030531,497150147
70238,30.5776488,-100.6430884,300080091
70239,38.8716789,-104.8338368,55684278
70240,37.1254408,-113.5303193,282676844
70242,31.6314577,-97.0955715,307609931
70267,44.7012681,-123.0518674,287770877
70269,42.5283363,-96.499648,380448010
70273,38.198245,-85.70383,164592965
70278,44.2978951,-88.3072448,6431597702
70280,40.3021364,-104.9800236,55749865
70281,41.960598,-83.353276,185314201
70282,43.00346,-89.2065044,53633290
70291,41.3326684,-105.616366,477797074
70298,32.700133,-80.873953,112967343
70299,30.3981338,-81.5626608,5974556431
70304,44.3126379,-69.8098352,8132815937
70307,45.6878134,-92.9904012,186550668
70313,33.4738749,-112.038448,147418977
70318,33.1181618,-95.6244046,401522236
70319,41.04582,-81.694482,198628314
70320,35.0329833,-85.5890402,203077042
70326,31.5726808,-102.9067456,317717049
70331,37.791,-79.888304,205663810
70333,41.6646707,-93.4725521,599042270
70336,42.4518187,-88.9947349,837270024
70338,40.2718362,-84.1834608,454078909
70342,41.9061056,-87.9201228,276560368
70343,48.1854347,-122.200462,50804234
70345,42.7783394,-86.0290643,185756637
70357,39.9156792,-83.015714,229601106
70359,36.89512,-113.9117995,281745550
70360,43.6734231,-116.6820553,636094179
70380,35.2508026,-80.9729521,1832048628
70388,31.5735078,-102.8973474,229200237
70403,47.703456,-117.01531,2934594367
70407,40.8090718,-73.177683,213358629
70408,40.823333,-72.988871,213379776
70409,42.7476292,-86.0664089,3690481056
70422,33.4614657,-112.2716369,322888612
70424,43.3455062,-83.8633749,7804440749
70425,41.0377551,-80.1247612,200797903
70443,32.5147892,-90.1029457,125819550
70453,33.9438939,-97.1352583,146584752
70457,39.989327,-76.7337722,676211740
70467,41.1516611,-96.1545803,135777619
70474,32.7672649,-96.8724872,310535662
70478,38.9323579,-111.8619871,292057382
70481,43.6967613,-89.4703587,379832594
70496,44.3511315,-87.8477075,230527166
70498,44.951736,-90.943886,443159220
70516,32.4110368,-100.850013,227234496
70539,39.4225986,-87.6864379,1482854659
70557,36.5611723,-95.2178811,602949924
70558,42.6591738,-88.5360949,345358476
70560,32.6945142,-113.947649,175729956
70564,41.4646996,-82.0517253,198297679
70574,39.9514986,-89.5574533,554150539
70576,44.9073331,-91.9273974,230838654
70578,44.0994544,-103.1580639,629552214
70581,32.870551,-87.921597,55882944
70584,31.9733521,-102.0701939,227154863
70591,40.7551743,-81.4046083,1863761503
70592,34.139729,-80.754488,113176308
70595,40.1265262,-87.7834187,962151367
70603,33.474694,-94.413936,222250053
70605,41.814944,-87.7495186,347276130
70606,37.041881,-86.203963,168601339
70609,33.2567544,-84.0919716,339926152
70617,39.1275659,-94.4979227,190948019
70618,39.8712386,-82.937745,12347447295
70623,41.682675,-88.0724958,339946216
70626,39.5450803,-107.6578858,366714405
70628,47.0025385,-120.5864384,369957234
70629,45.5134836,-92.9931623,186551065
70630,41.1077889,-81.3421548,199495017
70638,39.0674134,-95.7278456,122250582
70641,38.028236,-79.135948,208281476
70642,32.3599581,-90.6696691,341514632
70650,41.1074724,-112.007927,82969587
70651,30.6799849,-97.6606254,1317473840
70656,42.0794223,-83.6710844,185317278
70666,41.8322873,-87.6954268,347274753
70667,45.6731382,-120.8305277,430620930
70669,45.6731382,-120.8305277,430620930
70670,40.8341751,-111.9297798,82968529
70676,33.4630084,-112.1720646,6351231849
70679,33.4151666,-112.0151276,42405886
70682,38.5695757,-90.1252192,4682318699
70687,40.8766636,-77.7717762,410791744
70691,29.440207,-98.3757703,150031060
70704,37.0389115,-94.5111489,191953094
70707,32.8757247,-85.1540793,73008635
70708,42.7813388,-84.6703685,184075307
70718,34.9091218,-91.191978,117870337
70719,38.8592834,-91.307807,191866829
70725,36.700383,-87.4484465,1844841046
70736,41.7078482,-93.5764341,160737298
70740,39.0459733,-88.7413667,234332684
70750,36.8070512,-97.3427505,445343676
70751,43.3879884,-87.9287177,231849271
70761,42.5761064,-90.6096723,355035838
70763,42.4655281,-91.4734936,1772806629
70764,41.2265077,-89.0780689,528519123
70772,38.9155422,-89.2644643,233786424
70774,42.4730383,-95.1546299,1300400848
70778,39.9815203,-84.1971018,430022449
70779,41.497999,-95.552792,160733517
70782,40.703735,-98.840681,133199549
70783,32.1864187,-81.1985711,1687908086
70784,34.9361,-78.9277727,170222605
70785,33.9511774,-80.9862691,114006246
70786,27.8313933,-97.5421336,227472826
70787,32.179198,-81.457294,66495015
70788,41.4047405,-81.5057221,31313595
70789,44.1967319,-88.4867223,233066176
70790,38.9004658,-91.4600093,191832924
70791,35.8425913,-88.0823609,201617782
70793,38.991799,-110.181173,83141708
70796,32.8110596,-97.3141294,82721544
70797,32.9431176,-96.9044936,81610932
70798,42.7209417,-88.9869006,8392406227
70831,39.5304539,-119.7317735,140207198
70845,39.5304539,-119.7317735,140207198
70855,39.1796267,-119.7432965,1939258234
70858,32.198253,-86.416234,56981577
70860,40.8485768,-115.7545689,138051508
70864,39.4521499,-119.7798657,140032191
70871,41.2907825,-72.5747563,254248171
70873,30.0013428,-82.6008122,447913344
70877,42.4921561,-87.9490523,235444454
70881,40.4389973,-78.4268623,474299635
70887,33.559479,-83.4949594,71566154
70947,38.2950304,-77.5063079,457043876
70953,38.2421445,-77.5017797,445766967
70955,38.3697084,-77.4657892,316294208
70957,38.2359085,-77.4981994,457050052
70960,38.130972,-79.0331648,221195440
70961,34.285266,-77.9721071,5506840762
70963,35.5440901,-78.3098603,368088072
70968,37.6889703,-77.4518795,396812
70971,37.6846294,-77.6719801,214158548
70975,37.403312,-77.42514,209774747
70980,37.78419,-77.892354,215718349
70982,37.5155368,-77.183973,400423
70983,37.4364637,-77.3344666,446339561
71007,33.8477017,-86.82729,372454162
71009,35.9512435,-83.2048878,1692232113
71010,38.2189508,-85.6560809,164586330
71011,41.3905107,-73.5172634,94383481
71012,41.0745925,-73.4675652,68823812
71014,39.2009641,-76.7606838,266582164
71021,41.2905881,-89.0823462,528519418
71022,29.650944,-97.654627,151149092
71030,32.3417419,-111.0710818,343139386
71047,34.3188412,-112.1233476,3227803398
71053,37.6217418,-88.9873013,237417698
71055,36.0745317,-86.429595,977551839
71060,36.4793813,-80.7522943,173427892
71062,38.9323579,-111.8619871,292057382
71063,35.088407,-106.74177,140753158
71066,32.7605648,-83.7070408,1024720286
71075,30.830247,-97.6014554,153120229
71087,47.1006863,-119.3105786,48139569
71097,41.682675,-88.0724958,339946216
71099,41.4221212,-87.7595853,237434092
71101,41.3897207,-88.1927224,29411359
71102,32.7911851,-97.3216588,82721490
71103,41.1099901,-100.7544264,134990689
71104,33.0790417,-80.2025551,510623513
71106,37.7394528,-97.3187544,122163469
71107,42.4499758,-94.6616151,1030199673
71108,29.835023,-94.5474035,304967118
71110,43.08697,-88.7558144,231191849
71112,41.3227932,-72.8845182,252535286
71117,33.4029222,-82.0164238,3871564327
71118,42.4518187,-88.9947349,837270024
71119,32.117507,-81.238598,67033888
71121,32.2711063,-107.7539843,447140964
71123,32.7744897,-111.6147067,343159765
71127,29.59951,-97.959575,151114919
71129,35.277919,-80.796433,172152917
71131,34.9421614,-82.0737121,440929902
71133,28.6766327,-99.1829053,224310646
71136,35.4207883,-77.9972553,1275901970
71138,48.8137213,-122.5445753,37034368
71140,43.0860413,-88.7729572,231193636
71141,40.640747,-88.811249,261234040
71150,42.920543,-114.928745,129102294
71152,41.4131287,-84.1110403,63105977
71155,43.1025208,-88.3062584,232828448
71158,28.006909,-82.011769,100046233
71160,42.8893675,-85.5001476,184763626
71161,35.5986232,-78.1313929,149387868
71163,42.1579153,-76.8724496,486848799
71165,33.8110532,-81.0073928,413289921
71167,41.4377202,-88.1952438,481257257
71168,40.959655,-117.7497821,138361059
71170,46.9121145,-98.0051895,74318353
71173,32.117507,-81.238598,67033888
71177,34.5131883,-89.9235638,282395559
71179,34.2959242,-81.5499955,403387899
71181,34.9953993,-81.9943774,114170384
71185,40.580431,-75.7121667,724268700
71188,32.7161997,-83.7300393,1772206667
71189,33.9583042,-81.231416,113690435
71190,41.5609584,-109.5364013,158366617
71194,35.5362289,-98.6629716,145300834
71195,35.5340218,-98.2419565,458756957
71198,43.9525893,-92.0598225,188434546
71199,34.09358,-88.011543,57447020
71200,41.1682382,-96.1303197,135825351
71202,33.4580483,-80.7300271,1913646709
71207,41.5509195,-87.7914884,385085650
71209,28.3310393,-82.3243186,5273002277
71214,39.9695066,-104.7541577,175863997
71216,41.8842458,-93.5715229,161073529
71219,37.802948,-92.224105,192592668
71228,40.6883206,-98.9467101,1658632754
71229,42.0628551,-88.0702512,856809360
71233,27.9585374,-99.3797777,297812610
71239,40.1302521,-95.2366558,190731692
71241,35.8703208,-84.440787,203402630
71244,41.2502768,-112.0173374,358265244
71245,42.8444728,-112.4128292,126446130
71247,31.7874487,-89.0552211,125419236
71249,33.6050513,-85.8355377,52348395
71252,34.4987985,-81.8467326,113357166
71253,29.1379488,-98.8879031,227215961
71255,38.952942,-93.084798,192983461
71262,39.948801,-82.686892,198332486
71263,37.621285,-104.7618761,1150252167
71266,36.2712114,-82.9279726,1700713351
71267,42.3712447,-85.655868,184691259
71281,34.8688596,-114.1476441,175070577
71284,34.7493497,-89.4573783,277347218
71288,39.874385,-82.9269708,229630538
71290,31.5792581,-84.1116087,68309490
71291,38.6244543,-88.9718957,236427034
71298,32.0663526,-96.4513542,13462283401
71299,31.5142635,-97.1393681,312443142
71300,42.2792412,-84.3088495,1823667444
71305,29.1379488,-98.8879031,227215961
71307,36.999483,-88.327766,166700383
71308,36.1877305,-86.2707245,1837177439
71311,32.669915,-85.333825,56867092
71319,28.6707136,-80.8716874,486970648
71324,34.7713637,-82.4673912,109512065
71325,32.5299165,-93.6696907,1068760093
71326,41.3145168,-81.4545245,229947213
71327,41.2981547,-105.5973127,477691472
71333,32.3744804,-98.9757884,223989591
71339,41.6863637,-93.5759855,160858465
71341,36.0197109,-87.334874,53659513
71347,32.4126056,-99.4939687,222779650
71359,32.4906022,-99.7441784,57661672
71367,31.5726808,-102.9067456,317717049
71370,35.5084858,-108.8282804,610488018
71378,33.4628295,-112.2125329,338469675
71379,34.666179,-92.391664,118906784
71387,41.6827735,-93.0077279,160063593
71389,34.4401768,-79.3772358,407871304
71394,32.421205,-97.2294783,313253547
71399,39.0114849,-94.0749636,191353409
71401,45.0256785,-92.9597532,9432197423
71405,33.5061509,-112.1474927,41558842
71406,33.4627158,-112.161999,258430029
71408,33.4282606,-112.0686556,256755310
71410,33.386331,-111.7981977,41476023
71411,33.3045561,-111.972334,255720091
71413,33.3864999,-111.5867456,256323318
71416,32.255655,-110.9968694,1214430058
71417,32.1809701,-110.9513455,6393735390
71418,32.1635623,-110.9204199,33980673
71421,31.77752,-106.4329804,179263085
71434,43.1805585,-95.8127055,441509853
71440,47.6738308,-117.2477679,50876878
71442,37.678563,-85.84695,164111635
71444,37.2722776,-93.110533,190583139
71456,35.1515958,-103.7190789,143018830
71470,31.3997651,-103.4865119,228097712
71481,48.5751061,-97.1864255,77301829
71482,47.4753479,-111.3565829,314363329
71484,31.9557619,-83.7507588,68026843
71487,38.9536357,-112.3479815,419741751
71488,43.738166,-98.952251,78773165
71490,33.6441615,-85.5068518,52878670
71491,36.756371,-89.537784,191915482
71492,38.239447,-86.366243,179091946
71494,43.0012748,-78.4162697,221625782
71495,39.6194098,-86.0742913,459663081
71504,41.264291,-112.025216,358265338
71510,38.173748,-84.816681,163598780
71515,38.2740809,-88.9011924,391305859
71516,42.263258,-79.7428141,211612188
71524,40.8933047,-81.4312625,200039056
71525,35.96861,-83.2504838,1692232319
71526,42.96673,-76.856261,213274129
71535,40.6238679,-116.918379,562505633
71536,34.961259,-106.658084,440449406
71556,44.9513067,-90.8055473,147027423
71560,32.6836455,-107.1579311,453406787
71565,31.7690971,-106.2677462,662653964
71567,41.8940807,-72.6430738,178385903
71580,41.6821404,-112.1460571,429235163
71600,31.7302642,-96.1817966,473330753
71601,35.6885398,-78.5714211,195396427
71604,40.771193,-112.0176274,372126872
71607,47.1040398,-119.3408854,48121803
71608,45.511205,-94.2790918,493620624
71612,30.6145969,-81.6481228,599355716
71614,35.15993,-81.4589049,1831592948
71618,39.7293745,-94.2204074,189856764
71619,36.0901428,-79.6976996,171083769
71624,40.7412508,-114.0630788,137724182
71638,29.6019542,-98.2744061,151137035
71646,30.4915779,-84.4316318,298586016
71651,30.0881017,-97.8193836,151423350
71654,42.1069264,-89.0231146,236760708
71659,41.9185344,-72.2636618,290061691
71661,35.45906,-93.48604,117388372
71667,28.5065382,-82.2439915,5274457377
71673,34.630641,-82.604704,109515619
71688,42.5557705,-88.9750785,258486785
71689,43.1957697,-88.1268984,213266800
71692,34.1842753,-83.5967536,70494008
71694,43.052983,-85.9105355,185741047
71699,42.5752458,-87.953003,3798581355
71704,32.851022,-96.56813,81648792
71705,27.8433953,-97.5627477,305612893
71712,38.991799,-110.181173,83141708
71713,35.804249,-90.628578,116762796
71719,45.2537216,-93.0230596,1448585944
71737,30.3673995,-81.7608863,96564613
71738,42.728294,-90.4390465,244093171
71739,32.3088745,-81.8804512,66638335
71741,33.4963366,-82.310677,471983974
71770,41.0857978,-75.963407,155220102
71776,32.6193478,-85.3966724,56848712
71779,33.4630084,-112.1720646,6351231849
71793,38.9902277,-77.4585492,1352155947
71797,41.6619435,-93.4837147,1804543738
71798,46.3201154,-122.9145357,47681898
71800,37.945141,-91.878074,192210895
71830,34.9091218,-91.191978,117870337
71831,36.286754,-97.3276432,147283742
71837,39.441179,-77.4041516,103073909
71840,41.721428,-71.1836753,71879596
71848,32.374229,-82.0599667,66737662
71850,43.567299,-87.79949,232407360
71856,36.973146,-84.111425,165554680
71857,33.6043133,-81.8492889,109332698
71858,32.5110871,-92.1880916,1108525761
71860,30.377307,-89.740821,124006303
71864,38.0063451,-91.6166589,192332137
71865,32.9158876,-96.4344602,4880483602
71866,38.1650993,-85.7209296,164586218
71869,32.0892739,-81.1273422,801680961
71872,41.539473,-94.0183464,551079265
71873,45.1645805,-93.0310945,1264088980
71876,35.7371526,-84.3911659,202879679
71877,41.4177504,-88.3705301,1899021415
71906,41.147677,-87.266021,180025185
71910,44.318054,-93.3049685,187958938
71925,35.0285856,-85.3598518,451068434
71970,34.973734,-89.862166,124891573
71976,30.4599467,-81.677346,96564968
71995,35.008561,-105.6692154,470278683
71996,44.281584,-87.782749,231476713
71999,34.895895,-82.155044,114446889
72001,36.3453249,-86.7154956,304907062
72003,34.1750275,-80.9755401,113931816
72026,46.87085,-102.302645,77900552
72031,46.980292,-96.886811,75127588
72075,41.7395438,-72.6623442,252665713
72078,26.3415446,-98.1469814,301694292
72100,34.893983,-89.740839,124883846
72111,35.206686,-101.658585,227790613
72114,35.7783357,-80.8638526,171578241
72136,33.160306,-95.108142,228834288
72142,41.6480949,-85.9487852,343298105
72170,26.1656973,-97.8248323,1344365395
72175,32.0034142,-97.0959455,225331673
72192,41.1748859,-73.1634581,317693118
72243,37.982136,-85.6994507,162338779
72262,37.308342,-77.395814,209488940
72309,33.9967369,-86.0878773,55473965
72348,41.8740165,-87.7305035,281895452
72351,40.4517144,-86.8460196,37990484
72352,32.068465,-93.566579,115230183
72394,34.6766062,-82.5329891,109512811
72435,37.68122,-113.0796855,283354774
72462,45.7668272,-111.1806617,40694576
72476,46.838308,-100.878028,77094198
72486,39.73834,-104.428598,175854006
72494,29.2349798,-98.7823446,222085529
72497,37.0680861,-94.4069066,5514521619
72498,40.378309,-82.826022,198980959
72501,41.3651299,-89.1307148,273152559
72502,34.4216183,-79.4098918,1835823830
72574,32.2701457,-109.841204,732768398
72576,41.762445,-72.5215765,245811995
72577,41.5778869,-87.5521224,348225495
72578,32.1876002,-90.2551128,1285642809
72584,39.4766321,-119.7909803,140469728
72585,42.2804895,-87.9113622,386503846
72586,30.4818959,-92.0759179,123751743
72591,33.6001767,-86.3258284,61384623
72596,36.764171,-88.646937,163769829
72645,32.4279177,-111.168754,175150023
72651,32.0985867,-81.3198673,384682341
72664,32.7596589,-97.0200538,81610159
72666,31.129919,-83.4365598,1448238601
72667,33.828354,-93.398748,117936932
72668,31.4337293,-110.9656463,175637593
72676,43.6377788,-95.5980532,187593279
72685,29.1875047,-98.8392389,227048737
72690,41.3683918,-72.2032074,314145988
72695,32.4914698,-94.3529013,225073617
72696,32.8302364,-83.7321012,66309306
72698,30.424351,-89.132351,125108098
72699,41.937481,-88.037826,237607533
72700,33.511994,-82.497945,71173240
72707,39.0597489,-104.8534719,55710502
72715,34.9098888,-114.15323,283117182
72719,36.88641,-113.9372473,174935709
72723,35.0383675,-110.6916721,1578599688
72737,33.511541,-82.450884,71188448
72740,40.6903566,-99.374152,133029127
72741,41.1160529,-88.4202921,481303348
72746,32.9831803,-80.0786403,318623336
72747,35.5084858,-108.8282804,610488018
72776,31.6779356,-83.6174827,73010085
72779,42.4862315,-88.9949603,258486761
72782,41.1072429,-80.8813249,198481141
72784,41.7716469,-107.0887527,483415362
72786,38.0378077,-97.3229688,120527781
72787,35.4389119,-97.5701013,147363872
72792,43.1096116,-78.9948781,281667543
72793,48.9845541,-122.7331845,37011528
72796,33.5144539,-112.418826,3801847968
72797,45.6675821,-94.8168385,527843360
72799,41.8188164,-89.4723636,235338408
72801,35.0831656,-91.8950669,474761317
72802,42.0370506,-71.3060263,1930556664
72803,30.5053584,-99.7707699,151643504
72804,36.1531948,-86.7645261,202412218
72806,32.90349,-93.8647302,1839509287
72810,36.1592709,-95.9263258,148306232
72814,33.7919533,-97.1348133,146560289
72818,32.3298234,-86.3340242,58893245
72830,31.4058659,-103.557621,228097796
72861,33.1878208,-87.271203,64279138
72876,34.6826012,-82.2077846,112655707
72877,30.5789473,-88.1742297,57919124
72882,35.4218529,-96.3040613,147420836
72884,30.6520807,-87.761117,51901849
72891,41.6730717,-87.6618133,938138777
72908,35.2830205,-81.1856672,170752756
72909,40.8402624,-96.7382978,9995620492
72918,31.9557619,-83.7507588,68026843
72920,38.798335,-90.5976617,418777281
72921,38.2268065,-91.1533622,958192151
72939,33.8038757,-84.4098572,69108107
72963,38.8716789,-104.8338368,55684278
72965,36.2933694,-115.1482961,4736292115
72970,43.0182049,-85.7565526,184740092
72975,34.9361,-78.9277727,170222605
72976,30.2318061,-92.5268098,1920392274
72979,41.1139154,-87.835367,235091514
72993,38.0751601,-84.5026227,163417109
73007,33.155434,-84.8713657,73000752
73028,35.9701696,-114.913655,5638788552
73037,32.5416089,-92.7122424,115700780
73039,35.07874,-82.059622,114159975
73043,35.6213595,-105.2030531,497150147
73044,43.524539,-112.027986,127284465
73047,39.7529167,-86.2204494,180385563
73053,45.7523403,-108.5297748,418887765
73056,35.1114789,-78.9759899,3347612520
73059,40.8037041,-81.3980239,200038207
73061,31.7690971,-106.2677462,662653964
73063,45.3328836,-93.0045823,186541216
73064,35.7752558,-80.3096692,170342528
73065,34.1369162,-84.7369383,330753839
73072,41.4481235,-87.7580041,5218001009
73073,32.4871657,-82.9306508,70831024
73078,33.7149388,-116.1776199,255015397
73080,31.4334356,-83.5197364,4374914941
73101,40.1160864,-104.516058,55722643
73114,32.1373081,-96.9501734,82147024
73117,44.7783138,-117.8099854,765378912
73127,41.81314,-87.7561761,347276200
73130,32.2889255,-96.5505461,82129212
73131,35.6142285,-80.5144671,173086223
